Date,rental_count,member_count,humidity,pressure,temperature,wind_direction,wind_speed,precipitation,new_snow,snow_depth,business_day,holiday
1/1/2014,6559,95971,77.083,1024.5,270.449,233.833,2.167,0,0,0,0,1
1/2/2014,9334,96000,80.542,1018.458,271.284,120.958,3.292,0.33,3.1,0,1,0
1/3/2014,1288,96042,78.375,1010.542,263.583,228.125,3.583,0.29,3.3,6,1,0
1/4/2014,2494,96065,71.917,1031.083,262.514,241.583,1.708,0,0,6,0,0
1/5/2014,2937,96084,79.333,1024.208,268.074,197.458,0.958,0.14,0.01,4,0,0
1/6/2014,10481,96102,83.391,1002.417,279.567,196.583,2.208,0.36,0,1,1,0
1/7/2014,7144,96124,59.417,1015.417,262.479,264.292,4.875,0,0,0,1,0
1/8/2014,10162,96152,60.833,1030.875,262.094,247,2.75,0,0,0,1,0
1/9/2014,14571,96171,70.167,1033.708,268.503,257.875,2.292,0,0,0,1,0
1/10/2014,10685,96189,78.917,1026.667,271.172,208.042,2.125,0.11,0.01,0,1,0
1/11/2014,8333,96225,84.083,1007.042,279.852,220.042,2.083,0.5,0,0,0,0
1/12/2014,13549,96247,78.458,1003,281.199,232.5,2.792,0.05,0,0,0,0
1/13/2014,22377,96276,78.292,1018.5,277.088,205.667,2.5,0,0,0,1,0
1/14/2014,10849,96348,86.417,999.333,279.902,221.917,2.792,0.38,0,0,1,0
1/15/2014,23500,96391,83.583,1013.333,277.032,220.208,2.292,0,0,0,1,0
1/16/2014,21528,96453,81.042,1012.583,276.759,254,2.792,0,0,0,1,0
1/17/2014,21840,96509,78.333,1021.25,283.827,244.083,2.958,0,0,0,1,0
1/18/2014,10222,96576,80,1022,284.793,244,3,0.07,0.01,0,0,0
1/19/2014,9768,96616,72.583,1013.792,277.023,250.167,3.208,0,0,0,0,0
1/20/2014,14581,96654,70.917,1004.667,276.342,231,2.542,0,0,0,0,1
1/21/2014,4171,96701,76.417,1012.875,269.078,219.333,3.167,0.46,11,0,1,0
1/22/2014,2762,96733,77.417,1011.583,261.422,266,3.542,0.02,0.5,11,1,0
1/23/2014,5743,96741,67.833,1018.667,261.717,275.583,2.958,0,0,7,1,0
1/24/2014,6901,96757,71.917,1026.417,263.087,267.5,2.958,0,0,6,1,0
1/25/2014,4716,96770,74.125,1010.625,266.542,205.833,2.083,0.04,1,4,0,0
1/26/2014,5462,96784,66.583,1006.75,266.548,240.292,3.792,0,0.01,4,0,0
1/27/2014,14304,96804,59.682,1007.25,271.821,152.5,3.167,0,0,3,1,0
1/28/2014,11066,96830,37.083,1023.75,264.877,278.75,5,0,0,1,1,0
1/29/2014,10838,96852,48.667,1022.75,264.542,280,4.042,0.04,0.8,2,1,0
1/30/2014,13198,96885,45.458,1028.292,265.614,228.625,2.792,0,0,1,1,0
1/31/2014,15886,96912,53.87,1021.375,270.354,241.542,4.167,0,0,1,1,0
2/1/2014,13797,96935,48.846,1024.125,274.855,111.542,0.75,0,0,1,0,0
2/2/2014,15009,96958,69.214,1015.5,276.715,112.833,1.333,0.01,0,1,0,0
2/3/2014,2839,96998,80.882,1019.792,274.921,220.417,4.417,1.17,8,1,1,0
2/4/2014,9551,97025,75.087,1028.625,270.135,132.083,2.25,0,0,8,1,0
2/5/2014,3076,97046,88.833,1015.958,272.347,60.417,3.958,1.43,4,9,1,0
2/6/2014,8227,97061,66.545,1020.167,270.178,297.917,4.083,0,0,9,1,0
2/7/2014,9473,97082,64.826,1025.208,269.596,251.25,4,0,0,9,1,0
2/8/2014,6640,97094,48.042,1025.875,268.86,229.167,2.875,0,0,9,0,0
2/9/2014,5527,97109,52.292,1021.125,268.357,159.583,2.083,0.1,1.2,8,0,0
2/10/2014,7643,97128,63.75,1019.125,268.659,267.917,4.25,0,0,10,1,0
2/11/2014,9258,97154,47.958,1027.042,265.824,313.333,3.833,0,0,10,1,0
2/12/2014,9531,97174,52.625,1033.125,264.807,224.583,4.125,0,0,10,1,0
2/13/2014,978,97184,81.895,1014.167,270.465,33.333,7.208,1.78,9.5,12,1,0
2/14/2014,4029,97191,68.562,991.417,274.421,246.667,8.333,0.3,3,18,1,0
2/15/2014,2512,97205,67.4,1006.208,273.165,117.917,3.417,0.13,1.6,18,0,0
2/16/2014,3362,97221,55.05,1011.25,269.488,280.833,5.792,0,0,18,0,0
2/17/2014,5433,97233,48.905,1024.458,268.163,279.583,3.917,0,0,17,0,1
2/18/2014,5727,97243,63.286,1021.375,270.985,96.667,2.458,0.16,1.5,18,1,0
2/19/2014,9485,97262,76.19,1014.125,272.958,117.917,1.708,0.26,0,17,1,0
2/20/2014,12971,97280,62.458,1019.667,277.575,176.25,2.333,0.03,0,15,1,0
2/21/2014,9545,97307,93.818,1013.25,276.57,76.25,2.542,0.09,0,13,1,0
2/22/2014,14261,97341,64.333,1014.708,277.779,212.083,4.208,0,0,10,0,0
2/23/2014,14567,97379,51.833,1015.375,278.772,104.167,1.292,0.01,0,9,0,0
2/24/2014,14119,97435,45.609,1012.083,276.693,277.5,5.833,0,0,6,1,0
2/25/2014,14003,97511,47.952,1017.458,270.523,266.667,5.125,0,0,6,1,0
2/26/2014,12168,97556,54.217,1013.542,269.601,265,3.958,0.03,0.2,6,1,0
2/27/2014,13138,97584,38.727,1008.417,266.825,170.833,4.208,0,0,6,1,0
2/28/2014,10483,97612,32.833,1024.25,264.169,252.917,4.75,0,0,6,1,0
3/1/2014,9944,97650,42.583,1028.417,267.645,109.583,1.625,0,0,6,0,0
3/2/2014,9017,97687,51.043,1019.333,274.83,224.583,2,0.01,0.01,5,0,0
3/3/2014,8618,97727,48,1019.917,269.107,306.667,5.542,0.04,0.1,5,1,0
3/4/2014,11494,97768,44.542,1028.083,265.172,194.708,3.167,0,0,5,1,0
3/5/2014,14934,97807,36.13,1025,271.376,152.5,1.792,0,0,4,1,0
3/6/2014,13758,97869,44.087,1033.792,268.501,52.917,5.042,0,0,4,1,0
3/7/2014,14736,97907,59.792,1027.25,271.332,50.833,4.083,0,0,4,1,0
3/8/2014,18119,97970,56.091,1012,278.235,211.667,3.5,0,0,3,0,0
3/9/2014,13300,98052,42.958,1014.25,277.954,310.417,5.083,0,0,2,0,0
3/10/2014,18844,98146,39.375,1010.75,277.868,238.75,3.792,0.01,0.01,1,1,0
3/11/2014,26436,98261,49.682,1003.292,282.388,200.417,2.958,0,0,0,1,0
3/12/2014,16273,98448,64.042,997.75,281.882,80.833,1.792,0.35,0,0,1,0
3/13/2014,12164,98572,52,997.833,270.69,294.583,9.917,0,0,0,1,0
3/14/2014,17745,98639,31.609,1020,271.287,232.083,4.417,0,0,0,1,0
3/15/2014,19664,98716,39.708,1010.333,281.59,222.917,6.208,0,0,0,0,0
3/16/2014,10740,98827,33.048,1019.625,276.065,313.75,6.25,0,0,0,0,0
3/17/2014,13681,98904,32.6,1019.625,270.79,112.917,5.875,0,0,0,1,0
3/18/2014,18046,98995,38.652,1022.833,272.889,37.083,3.208,0,0,0,1,0
3/19/2014,14387,99082,71.182,1023.792,274.441,85,3.542,0.92,0,0,1,0
3/20/2014,21299,99160,68.833,1008.917,280.081,251.667,5.917,0,0,0,1,0
3/21/2014,22266,99280,36.25,1014.25,279.292,272.5,6.292,0,0,0,1,0
3/22/2014,21671,99429,42.913,1012.75,280.728,160.417,4.792,0,0,0,0,0
3/23/2014,12846,99563,40.333,1016.333,277.946,314.167,5.167,0,0,0,0,0
3/24/2014,14729,99678,32.826,1021.875,270.542,317.083,6.083,0,0,0,1,0
3/25/2014,17388,99762,36.458,1019.417,271.615,150.833,2.667,0,0,0,1,0
3/26/2014,15538,99841,38.5,1011.833,273.358,245,8.417,0,0,0,1,0
3/27/2014,18166,99913,33.957,1026.542,271.783,278.75,4.75,0,0,0,1,0
3/28/2014,20025,99991,60.542,1020.458,279.129,188.75,3.583,0.04,0,0,1,0
3/29/2014,4870,100072,80.792,1018.958,281.648,107.917,3.292,1.81,0,0,0,0
3/30/2014,8645,100127,89.708,1002.417,280.259,106.25,6.125,0.35,0,0,0,0
3/31/2014,18686,100220,69.318,1009.292,278.965,313.75,7.667,0.16,0.01,0,1,0
4/1/2014,26163,100337,51.5,1018.375,280.605,250.833,3.375,0,0,0,1,0
4/2/2014,24299,100511,75.826,1019.083,280.002,88.75,1.167,0,0,0,1,0
4/3/2014,28379,100629,58.542,1018.708,283.208,55.417,1.667,0.07,0,0,1,0
4/4/2014,13593,100800,71.522,1016.833,279.647,91.667,3.333,0.21,0,0,1,0
4/5/2014,20333,100892,66.792,1009.833,280.228,208.75,6.458,0,0,0,0,0
4/6/2014,22643,101019,39.083,1020.5,280.093,244.167,4,0,0,0,0,0
4/7/2014,15869,101184,61.238,1020.917,279.664,88.75,2.333,0.52,0,0,1,0
4/8/2014,23636,101315,78.583,1000.667,284.241,150,4.75,0.34,0,0,1,0
4/9/2014,29194,101441,43.957,1005.5,283.802,300,5.333,0,0,0,1,0
4/10/2014,29722,101642,32.13,1019.167,282.461,183.75,4.292,0,0,0,1,0
4/11/2014,29283,101814,41,1016,288.31,218.333,4.583,0,0,0,1,0
4/12/2014,29773,101954,54.391,1019.833,288.243,212.917,2.5,0,0,0,0,0
4/13/2014,29521,102129,49.833,1020.375,289.079,135.833,3.708,0,0,0,0,0
4/14/2014,31732,102357,58.708,1014.875,292.699,191.667,6.292,0,0,0,1,0
4/15/2014,11370,102623,82.174,1006.583,288.994,181.25,6.25,0.71,0.01,0,1,0
4/16/2014,21713,102751,53,1021.75,276.341,326.25,7.25,0.05,0.01,0,1,0
4/17/2014,24190,102883,47.25,1037.75,277.7,87.083,4.042,0,0,0,1,0
4/18/2014,22409,102996,58.864,1033.667,277.637,77.083,2.417,0,0,0,1,0
4/19/2014,26541,103094,50.182,1024.625,283.293,188.333,3.042,0,0,0,0,0
4/20/2014,20122,103212,36.3,1029.708,283.756,84.667,3.875,0,0,0,0,0
4/21/2014,29618,103366,46.208,1022.5,282.515,110.833,1.625,0,0,0,1,0
4/22/2014,29580,103642,63.458,1007.042,286.529,198.75,3.25,0.01,0,0,1,0
4/23/2014,29341,103811,54.7,1001.5,285.782,285.833,7.458,0,0,0,1,0
4/24/2014,30515,103984,31.75,1011.875,282.775,319.167,8.458,0,0,0,1,0
4/25/2014,30299,104144,28.417,1015.583,284.1,186.25,3.75,0.02,0,0,1,0
4/26/2014,21785,104270,69.478,1007.75,284.484,164.167,3.458,0.92,0,0,0,0
4/27/2014,24093,104388,58.905,1013.917,283.557,275.417,5.167,0,0,0,0,0
4/28/2014,31279,104544,46.783,1018.792,284.65,213.75,3.333,0,0,0,1,0
4/29/2014,20003,104720,65.5,1028.042,283.128,116.958,4.042,0.03,0,0,1,0
4/30/2014,3093,104840,95.125,1039.5,280.702,96.375,5.583,4.97,0,0,1,0
5/1/2014,29448,104903,93.25,1024.042,288.11,179.833,3.375,0.12,0,0,1,0
5/2/2014,35590,105041,81.125,1020,287.437,270.25,2.167,0.01,0,0,1,0
5/3/2014,28254,105233,56.708,1023.333,286.812,235,2.125,0.08,0,0,0,0
5/4/2014,23450,105385,50.958,1012.083,287.699,241.875,4.542,0.02,0,0,0,0
5/5/2014,33706,105544,43.083,1009.458,287.429,286.708,2.833,0,0,0,1,0
5/6/2014,35977,105763,38.542,1013.292,287.878,307.292,1.167,0,0,0,1,0
5/7/2014,36210,105960,39.375,1019.875,287.304,193.125,1.375,0,0,0,1,0
5/8/2014,19518,106155,84.708,1019.708,286.042,155.875,1.042,0.41,0,0,1,0
5/9/2014,24990,106260,94.333,1019,286.982,128.458,0.917,0.04,0,0,1,0
5/10/2014,24179,106371,87.609,1012.125,291.327,197.667,1.5,0.37,0,0,0,0
5/11/2014,31551,106504,62.125,1013.333,293.929,274.208,1.333,0.03,0,0,0,0
5/12/2014,35209,106665,48.958,1017.625,294.258,239.708,1.25,0,0,0,1,0
5/13/2014,36281,106911,67.208,1018.958,292.45,162.125,1.5,0,0,0,1,0
5/14/2014,33087,107115,73.667,1024.083,287.084,128.042,1.458,0.01,0,0,1,0
5/15/2014,28847,107279,92.917,1021.042,290.389,145.667,1.25,0.15,0,0,1,0
5/16/2014,19561,107408,95.375,1013.417,291.88,161.417,2.708,1.54,0,0,1,0
5/17/2014,33141,107522,78.708,1012.708,289.433,253.708,1.333,0,0,0,0,0
5/18/2014,30026,107652,60,1018.625,287.857,240.833,1.292,0,0,0,0,0
5/19/2014,34763,107806,48.625,1019.792,288.077,297.833,2.583,0,0,0,1,0
5/20/2014,38928,108032,45.5,1016.917,291.172,279.75,1.75,0,0,0,1,0
5/21/2014,37493,108226,45.792,1012.292,293.557,254.708,1.458,0,0,0,1,0
5/22/2014,26753,108372,81.375,1007.792,291.04,173.208,1,0.24,0,0,1,0
5/23/2014,26895,108493,88.708,1008.208,289.902,269.083,0.792,0.91,0,0,1,0
5/24/2014,18503,108601,84.375,1012.625,289.264,223.167,1.083,0.4,0,0,0,0
5/25/2014,28266,108710,66.958,1017.625,291.472,197.75,1.833,0,0,0,0,0
5/26/2014,29819,108825,42.75,1016.375,295.256,229.167,4.208,0,0,0,0,1
5/27/2014,36165,108994,45.087,1011.333,297.833,247.667,3.75,0.01,0,0,1,0
5/28/2014,32666,109247,75.292,1012.625,289.97,116.667,4.25,0,0,0,1,0
5/29/2014,37184,109411,63.125,1022.292,286.815,75.417,3.542,0,0,0,1,0
5/30/2014,37875,109555,54.458,1019.167,290.03,101.25,1.5,0.01,0,0,1,0
5/31/2014,30659,109722,53.833,1020.25,290.517,150,5.375,0.05,0,0,0,0
6/1/2014,34597,109861,58.458,1024.833,290.533,170.875,1.292,0,0,0,0,0
6/2/2014,38143,110073,51.792,1020.708,293.275,218.583,1.417,0,0,0,1,0
6/3/2014,32504,110350,64.875,1013.125,296.452,212.292,1.625,0.12,0,0,1,0
6/4/2014,39747,110588,80.333,1007.833,294.665,180.75,0.708,0,0,0,1,0
6/5/2014,27165,110758,83.417,1003.625,292.972,182.583,1.333,0.87,0,0,1,0
6/6/2014,41291,110904,62.208,1009.042,292.927,300,1.625,0,0,0,1,0
6/7/2014,34417,111068,58,1012.708,294.165,287,1.083,0,0,0,0,0
6/8/2014,33432,111184,62,1012.167,296.047,214.708,0.958,0,0,0,0,0
6/9/2014,20545,111346,77.167,1012.667,292.826,154.25,1.042,1.6,0,0,1,0
6/10/2014,36959,111473,92.042,1015.125,293.605,86.083,1.208,0,0,0,1,0
6/11/2014,33809,111640,90.25,1017.375,292.687,109.125,1.417,0.02,0,0,1,0
6/12/2014,32186,111761,92.25,1015.875,290.523,127.625,1.625,0.07,0,0,1,0
6/13/2014,20236,111895,93.304,1009.042,293.595,115,1.167,1.28,0,0,1,0
6/14/2014,31432,112001,80.375,1009.042,293.703,246.125,1.583,0,0,0,0,0
6/15/2014,31029,112107,61.625,1016.417,292.442,303.875,2.083,0,0,0,0,0
6/16/2014,38568,112249,63,1018.125,294.731,222.5,1.208,0,0,0,1,0
6/17/2014,38963,112449,66.583,1015.083,297.939,194.917,0.917,0,0,0,1,0
6/18/2014,38984,112622,58.958,1010.042,301.515,247.708,1.667,0,0,0,1,0
6/19/2014,35327,112783,72.458,1013.583,296.333,204.167,1.167,0.15,0,0,1,0
6/20/2014,38827,112896,60.167,1013.375,295,290.5,1,0,0,0,1,0
6/21/2014,33325,113060,51.375,1012.375,294.076,199.5,1.083,0,0,0,0,0
6/22/2014,32300,113154,67.25,1012.833,293.691,173.958,0.917,0,0,0,0,0
6/23/2014,36342,113289,63.708,1017.375,294.815,163.458,1.5,0,0,0,1,0
6/24/2014,39886,113482,64.583,1018.583,295.817,165.125,1.292,0,0,0,1,0
6/25/2014,38035,113655,77.542,1013.792,297.197,177.542,1.375,0.08,0,0,1,0
6/26/2014,38610,113784,84.417,1009,298.095,255.5,1.208,0.07,0,0,1,0
6/27/2014,39697,113905,66.083,1017.5,297.205,127.042,1.042,0,0,0,1,0
6/28/2014,31684,114020,53.333,1024.625,296.997,190.792,1.125,0,0,0,0,0
6/29/2014,30784,114142,58.167,1024.375,296.773,203.958,1.083,0,0,0,0,0
6/30/2014,36854,114260,61.167,1019.042,297.303,197.208,1.625,0,0,0,1,0
7/1/2014,37970,114434,69.417,1013.583,299.725,194.333,2.417,0,0,0,1,0
7/2/2014,28765,114560,71,1011.875,301.107,192,2.875,0.96,0,0,1,0
7/3/2014,30078,114720,82.458,1014.292,299.054,190.583,1.667,1.78,0,0,1,0
7/4/2014,14850,114844,87.083,1015.208,295.037,215,2.417,0.14,0,0,0,1
7/5/2014,25116,114892,48.292,1018.833,295.088,300.083,4.625,0,0,0,0,0
7/6/2014,26615,114978,54.542,1017.833,297.318,234.75,3.375,0,0,0,0,0
7/7/2014,35075,115092,53.5,1011.083,300.071,222.042,5.917,0.04,0,0,1,0
7/8/2014,35734,115287,56.75,1008.667,301.622,224.042,5.125,0.39,0,0,1,0
7/9/2014,37588,115446,59.917,1009.792,299.814,219.167,4.625,0.09,0,0,1,0
7/10/2014,39779,115605,61.5,1016.958,297.286,168,2.75,0,0,0,1,0
7/11/2014,38416,115711,61.458,1021.667,297.639,122.958,2.75,0,0,0,1,0
7/12/2014,31413,115810,67.417,1022.75,297.798,176.333,2.542,0,0,0,0,0
7/13/2014,27089,115914,70.708,1017.75,298.146,172,3.667,0.03,0,0,0,0
7/14/2014,28173,116026,80.75,1012.5,298.485,178.708,2.958,0.46,0,0,1,0
7/15/2014,24993,116142,85.875,1008.583,297.974,159.75,2.042,1.3,0,0,1,0
7/16/2014,38610,116245,72.417,1008.583,296.484,188.792,3.208,0.01,0,0,1,0
7/17/2014,41996,116361,51.917,1013.708,295.634,202.5,3.5,0,0,0,1,0
7/18/2014,39526,116472,47.917,1021.458,295.174,212.917,2.667,0,0,0,1,0
7/19/2014,31943,116551,53.5,1023.25,294.761,140.292,2.25,0,0,0,0,0
7/20/2014,33156,116669,64.708,1020.792,294.876,76,3.292,0,0,0,0,0
7/21/2014,38963,116812,68.125,1021.25,295.377,125,1.833,0,0,0,1,0
7/22/2014,40450,116969,64.875,1020.375,297.898,204.667,2.5,0,0,0,1,0
7/23/2014,37508,117090,63.625,1014.292,299.554,209.583,4.208,0.19,0,0,1,0
7/24/2014,40419,117229,73.458,1009.375,297.431,222.083,2.125,0,0,0,1,0
7/25/2014,39768,117340,51.333,1014.208,296.124,197.708,2.958,0,0,0,1,0
7/26/2014,29882,117427,66.375,1015.042,295.842,208.917,3.5,0,0,0,0,0
7/27/2014,29669,117530,74.167,1009.167,297.754,205.417,3.417,0.02,0,0,0,0
7/28/2014,36360,117703,71.333,1001.375,297.644,215.417,4.208,0.19,0,0,1,0
7/29/2014,41198,117930,56.917,1009.25,293.485,293.042,4.167,0,0,0,1,0
7/30/2014,41207,118075,48.917,1015.75,293.322,261.875,2.875,0,0,0,1,0
7/31/2014,39282,118204,56.542,1018.25,294.564,209.833,3.25,0,0,0,1,0
8/1/2014,35829,118314,70.917,1021.458,295.64,166.25,2.333,0,0,0,1,0
8/2/2014,30013,118408,78.292,1023.125,293.934,77.625,2.75,0.41,0,0,0,0
8/3/2014,27854,118555,77.792,1019.25,293.564,77.583,1.625,0.07,0,0,0,0
8/4/2014,37408,118704,70.417,1017.542,296.623,227.917,2.208,0,0,0,1,0
8/5/2014,38168,118830,59.333,1016.042,297.552,154.75,1.833,0,0,0,1,0
8/6/2014,39942,118938,58,1012,296.75,285.417,3.792,0,0,0,1,0
8/7/2014,39933,119047,46.417,1013.125,295.11,323.417,3.917,0,0,0,1,0
8/8/2014,37367,119137,46.542,1018.458,294.326,279.25,3.333,0,0,0,1,0
8/9/2014,35701,119244,45.708,1018.667,295.053,170.125,2.083,0,0,0,0,0
8/10/2014,29339,119351,50.667,1020.583,295.766,161.333,1.833,0,0,0,0,0
8/11/2014,36837,119495,50.792,1019.833,296.466,189.125,2.375,0,0,0,1,0
8/12/2014,28591,119584,73.042,1017.125,296.004,144.167,4.333,0.19,0,0,1,0
8/13/2014,30698,119693,78.333,1007.375,296.089,171.25,4.5,0.53,0,0,1,0
8/14/2014,38863,119789,54.375,1009.708,294.122,280.25,4.208,0,0,0,1,0
8/15/2014,35524,119869,53.125,1013.042,291.883,271,3.792,0,0,0,1,0
8/16/2014,36127,119962,56.792,1015.417,292.742,241.75,2.625,0,0,0,0,0
8/17/2014,30223,120069,58.458,1013.333,294.785,263.792,2.667,0.01,0,0,0,0
8/18/2014,37851,120227,56.125,1013.083,294.357,312.5,2.75,0,0,0,1,0
8/19/2014,38912,120356,57.542,1011.917,294.439,58.75,2.917,0,0,0,1,0
8/20/2014,39090,120470,64.125,1014.708,295.959,150.792,1.958,0,0,0,1,0
8/21/2014,36917,120598,67.792,1016.875,295.64,169.417,2.583,0.35,0,0,1,0
8/22/2014,33147,120688,76.083,1016.875,293.855,132.25,2.083,0.06,0,0,1,0
8/23/2014,28956,120769,69.833,1018.25,293.28,67.5,2.75,0.01,0,0,0,0
8/24/2014,30422,120884,68.292,1020.167,293.539,143.167,2.5,0,0,0,0,0
8/25/2014,36244,121050,63.625,1021.083,294.408,139.833,1.792,0,0,0,1,0
8/26/2014,37937,121157,59.208,1020.25,296.651,165.333,2.042,0,0,0,1,0
8/27/2014,36900,121292,61,1016.5,297.194,217.667,2.625,0,0,0,1,0
8/28/2014,37055,121423,51.167,1012,296.499,298.083,4.792,0,0,0,1,0
8/29/2014,34292,121522,47.708,1019.792,292.603,201.25,3.292,0,0,0,1,0
8/30/2014,25239,121610,62.167,1024,292.658,147.5,2.25,0,0,0,0,0
8/31/2014,20097,121690,72.875,1018.875,297.296,187.083,3.875,0.62,0,0,0,0
9/1/2014,26055,121809,74.583,1014.958,298.646,187.083,2.667,0,0,0,0,1
9/2/2014,34005,121979,66.625,1012.625,299.842,231.667,3.583,0,0,0,1,0
9/3/2014,38998,122124,52.333,1013.417,298.371,259.167,4.75,0,0,0,1,0
9/4/2014,40022,122248,52.417,1020.375,296.085,140.5,2.542,0,0,0,1,0
9/5/2014,38325,122356,72.667,1020.458,297.129,171.708,2.75,0,0,0,1,0
9/6/2014,28290,122438,77.75,1014.125,298.96,206.167,3.25,0.11,0,0,0,0
9/7/2014,32524,122555,67.5,1016.792,294.436,217.75,3.042,0,0,0,0,0
9/8/2014,38091,122697,60.042,1023.958,292.245,58.667,3.25,0,0,0,1,0
9/9/2014,38101,122818,68.667,1024.292,291.984,52.5,4.458,0,0,0,1,0
9/10/2014,41634,122915,67.5,1019.792,293.418,63.333,3.375,0,0,0,1,0
9/11/2014,40864,123006,73.375,1013.792,295.064,173.75,3.708,0,0,0,1,0
9/12/2014,41341,123111,58.458,1016.792,293.192,243.75,4.292,0,0,0,1,0
9/13/2014,19110,123192,69.083,1021.042,289.274,66,4.25,0.26,0,0,0,0
9/14/2014,31589,123309,66,1022.75,288.149,199.667,2.958,0,0,0,0,0
9/15/2014,39044,123421,55.875,1022.458,287.915,112.208,2.792,0,0,0,1,0
9/16/2014,28285,123521,71.25,1017.125,288.844,223.042,2.375,0.37,0,0,1,0
9/17/2014,41347,123636,55.75,1016.708,288.687,244.167,2.5,0,0,0,1,0
9/18/2014,41145,123718,57.583,1015.375,289.203,226.625,2,0,0,0,1,0
9/19/2014,38162,123796,55.625,1023.458,288.104,89.167,4.167,0,0,0,1,0
9/20/2014,32951,123850,65.917,1025.333,290.188,131.333,3.25,0,0,0,0,0
9/21/2014,28530,123926,82.667,1012.5,293.489,96.958,1.542,0.15,0,0,0,0
9/22/2014,36624,124044,65,1008.333,291.886,277.5,4.542,0.01,0,0,1,0
9/23/2014,40105,124124,49.292,1024.167,287.152,244.292,2.583,0,0,0,1,0
9/24/2014,38976,124230,66.417,1031.875,288.976,81.583,2.667,0,0,0,1,0
9/25/2014,18282,124291,74.292,1029.125,289.396,57.083,4.083,0.32,0,0,1,0
9/26/2014,38394,124376,65.5,1022.833,290.636,195.833,4.042,0,0,0,1,0
9/27/2014,33322,124433,57.125,1022.25,292.44,127.875,2.125,0,0,0,0,0
9/28/2014,32080,124532,58.958,1020.792,293.225,171.958,1.042,0,0,0,0,0
9/29/2014,36896,124645,65.625,1015.167,292.986,218.75,2.125,0,0,0,1,0
9/30/2014,39061,124734,74.208,1014,292.486,130.792,2.25,0.01,0,0,1,0
10/1/2014,31197,124846,81.125,1016.292,290.123,29.583,3.375,0.02,0,0,1,0
10/2/2014,38286,124959,74.375,1019.375,290.436,42.917,3.167,0,0,0,1,0
10/3/2014,38956,125024,68.292,1018.292,290.067,102.292,2.417,0,0,0,1,0
10/4/2014,15088,125058,76.958,1005.25,290.703,174.167,4.542,1.18,0,0,0,0
10/5/2014,26247,125109,52.875,1008.625,284.248,264.167,5.75,0,0,0,0,0
10/6/2014,35651,125203,58.833,1016.583,285.472,187,3,0,0,0,1,0
10/7/2014,36931,125262,63.625,1016.958,291.45,185.5,4.458,0.06,0,0,1,0
10/8/2014,37870,125354,65.458,1010.667,291.943,213.333,5.792,0.04,0,0,1,0
10/9/2014,36427,125407,43.875,1015.292,288.252,252.5,4.833,0,0,0,1,0
10/10/2014,34690,125464,47.792,1018.833,285.89,253.667,1.958,0.01,0,0,1,0
10/11/2014,14805,125487,73.792,1018.583,285.099,118.292,2.5,0.33,0,0,0,0
10/12/2014,26259,125529,70.25,1023.5,283.483,130.333,1.875,0,0,0,0,0
10/13/2014,25616,125589,70.333,1026.25,285.643,148.75,1.875,0.05,0,0,0,1
10/14/2014,36529,125651,81.75,1023.125,292.692,158.375,2.75,0,0,0,1,0
10/15/2014,31784,125703,79.458,1017.042,295.29,147.083,3.25,0.69,0,0,1,0
10/16/2014,29845,125763,78.917,1007.583,293.79,180.833,4.792,1.11,0,0,1,0
10/17/2014,37759,125816,67.708,1005.708,290.172,230.833,4,0,0,0,1,0
10/18/2014,27634,125865,68,1003.208,289.063,227.917,4.375,0,0,0,0,0
10/19/2014,21017,125914,50.083,1010,285.105,302.75,6.5,0,0,0,0,0
10/20/2014,30928,125968,52.292,1017.833,281.01,251.417,3.333,0,0,0,1,0
10/21/2014,34710,126008,66.542,1012.917,286.115,130.458,1.792,0.11,0,0,1,0
10/22/2014,10402,126037,87.042,1012.125,285.831,75,5.792,1.51,0,0,1,0
10/23/2014,14886,126062,83.208,1006.625,284.322,235,6.208,0.61,0,0,1,0
10/24/2014,33022,126086,65.125,1008.708,286.115,318.75,5.042,0,0,0,1,0
10/25/2014,27802,126117,48.792,1009.5,286.719,277.167,3.833,0.01,0,0,0,0
10/26/2014,23077,126166,47.75,1003.375,287.422,283.333,5.875,0.01,0,0,0,0
10/27/2014,31908,126229,49.125,1013.625,285.71,276.667,4.292,0,0,0,1,0
10/28/2014,36429,126395,57.458,1016.333,286.03,214,2.083,0,0,0,1,0
10/29/2014,32944,126460,71.208,1012.208,288.236,241.292,2.875,0.01,0,0,1,0
10/30/2014,34658,126487,74.833,1014.958,283.077,279.25,3.25,0,0,0,1,0
10/31/2014,30787,126503,61.125,1015.708,280.297,153.75,3.333,0.05,0,0,1,0
11/1/2014,6739,126514,78.542,1010.375,281.49,118.75,6.292,0.35,0,0,0,0
11/2/2014,15730,126527,58.542,1010.292,279.771,324.833,9.583,0,0,0,0,0
11/3/2014,29590,126557,42.5,1019.083,281.019,274.125,5.792,0,0,0,1,0
11/4/2014,34612,126579,31.167,1021,286.637,222.875,3.333,0,0,0,1,0
11/5/2014,33764,126611,51.333,1018.208,287.344,226.75,3.958,0,0,0,1,0
11/6/2014,13882,126627,76.625,1015.125,282.756,155.167,1.958,0.37,0,0,1,0
11/7/2014,28053,126647,73.917,1004.667,282.1,284.917,4.708,0,0,0,1,0
11/8/2014,19372,126659,73.333,1020.5,277.419,250.417,3.333,0,0,0,0,0
11/9/2014,20225,126675,56.542,1014.292,282.011,207.333,3.5,0,0,0,0,0
11/10/2014,30616,126700,60.167,1019.417,280.761,235.333,1.708,0,0,0,1,0
11/11/2014,32312,126719,75.375,1020.042,283.267,84.042,1.625,0,0,0,0,1
11/12/2014,30830,126747,84.042,1013.5,287.055,191.5,2.042,0,0,0,1,0
11/13/2014,22798,126770,55.417,1019.667,279.193,254.125,3.208,0.2,0.01,0,1,0
11/14/2014,23452,126783,70.083,1017.375,276.08,304.042,4.208,0.06,0.01,0,1,0
11/15/2014,15403,126797,58.458,1025.333,273.108,298.458,2.917,0,0,0,0,0
11/16/2014,14544,126811,64.125,1027.958,273.723,202.917,1.875,0.03,0,0,0,0
11/17/2014,8944,126823,85.375,1013.625,278.366,134.875,2.083,1.54,0,0,1,0
11/18/2014,18436,126834,59.167,1008.75,275.008,269.208,7.5,0,0,0,1,0
11/19/2014,18211,126847,45.417,1023.083,269.303,251.083,6.125,0,0,0,1,0
11/20/2014,22682,126858,54.708,1017.125,274.243,227.625,4.875,0,0,0,1,0
11/21/2014,19582,126865,42.958,1022.958,272.716,284.083,5.667,0,0,0,1,0
11/22/2014,13838,126875,49.792,1031.75,271.96,237.708,3.5,0,0,0,0,0
11/23/2014,17012,126886,43.458,1023.625,280.472,211.958,3.167,0,0,0,0,0
11/24/2014,25007,126894,73.542,1009.042,287.45,163.792,5.667,0.7,0,0,1,0
11/25/2014,27889,126904,55.75,1012.75,287.694,241.625,4.75,0,0,0,1,0
11/26/2014,4064,126908,71.583,1018.833,277.848,205.667,4.042,1.24,0.2,0,1,0
11/27/2014,4331,126911,85.917,1014.958,275.129,312.333,2.792,0.02,0.01,0,0,1
11/28/2014,9157,126918,67.167,1021.583,273.067,301.542,4.083,0,0,0,1,0
11/29/2014,8974,126924,60.375,1027.708,270.565,213.292,1.625,0,0,0,0,0
11/30/2014,13612,126937,68.708,1023.083,278.453,197.292,2.667,0,0,0,0,0
12/1/2014,20398,126956,66.292,1020.5,282.887,246.75,2.667,0.09,0,0,1,0
12/2/2014,16961,126970,64.958,1033.75,276.307,162.875,5.208,0.08,0,0,1,0
12/3/2014,15078,126978,90.042,1021.917,278.609,159.125,3.542,0.06,0,0,1,0
12/4/2014,23442,126986,56.792,1026,277.161,278.542,4.375,0,0,0,1,0
12/5/2014,17289,126992,65.792,1034.25,274.951,66.542,3.833,0.51,0,0,1,0
12/6/2014,4487,127004,91.792,1024.417,278.552,201.125,1.792,1.22,0,0,0,0
12/7/2014,11404,127012,62.875,1027.583,277.177,132.75,7.458,0.04,0,0,0,0
12/8/2014,17015,127024,52.75,1037.125,270.819,22.708,6.25,0,0,0,1,0
12/9/2014,7322,127031,87.875,1018.583,275.985,68.458,7.125,2.54,0,0,1,0
12/10/2014,11476,127036,78.583,1004.208,276.726,301.542,5.458,0.08,1,0,1,0
12/11/2014,19840,127041,69.625,1005.375,273.76,262.5,6.417,0.01,0.01,1,1,0
12/12/2014,19393,127046,66.292,1013.458,274.065,272.292,4.375,0,0,0,1,0
12/13/2014,13760,127050,60.833,1015.167,275.982,318.75,5.375,0,0,0,0,0
12/14/2014,13255,127058,63.958,1012.917,277.543,319.917,4.458,0,0,0,0,0
12/15/2014,21306,127065,64.75,1017.167,277.191,262,2.083,0,0,0,1,0
12/16/2014,18653,127075,79.625,1018.333,276.651,79.5,1.583,0.2,0,0,1,0
12/17/2014,22350,127085,81.667,1010.792,280.989,210.667,3.375,0.02,0,0,1,0
12/18/2014,20679,127093,53.875,1014.292,277.384,285.875,6.5,0,0,0,1,0
12/19/2014,18696,127104,58.292,1016.708,275.411,306.208,5.125,0,0,0,1,0
12/20/2014,10628,127116,70.208,1024.083,272.631,257.042,3.083,0,0,0,0,0
12/21/2014,9582,127126,79.125,1026,273.398,250,2.625,0.01,0.01,0,0,0
12/22/2014,14849,127138,80.542,1026.417,275.586,65.208,2.875,0.04,0,0,1,0
12/23/2014,10405,127146,94.542,1020.958,280.294,59.75,3.708,0.16,0,0,1,0
12/24/2014,4716,127155,97.417,1015.417,281.196,66.75,2,0.8,0,0,1,0
12/25/2014,5354,127165,73.375,1004.917,284.605,252.125,5.583,0.09,0,0,0,1
12/26/2014,10775,127183,74.333,1026.042,277.96,252.792,2.708,0,0,0,1,0
12/27/2014,11128,127196,81.792,1031.333,277.468,233.5,1.583,0,0,0,0,0
12/28/2014,8719,127222,86.833,1018.708,278.596,239.417,1.917,0.1,0,0,0,0
12/29/2014,14763,127244,72.125,1020.792,276.74,324.167,1.208,0,0,0,1,0
12/30/2014,13277,127258,65.042,1027.542,271.609,205.667,1.458,0,0,0,1,0
12/31/2014,10450,127269,74.292,1029.25,268.259,270.958,2.083,0,0,0,1,0
1/1/2015,5792,127279,61.583,1021.083,268.986,249.333,3.167,0,0,0,0,1
1/2/2015,12371,127293,61.458,1021,274.043,259.458,3.083,0,0,0,1,0
1/3/2015,4834,127300,77.583,1030.25,270.725,140.958,1.708,0.71,0.01,0,0,0
1/4/2015,8509,127308,96.625,1005.417,278.203,193.75,2.375,0.3,0,0,0,0
1/5/2015,15792,127336,64.333,1009.667,277.393,266.042,2.958,0,0,0,1,0
1/6/2015,9483,127354,64.875,1017.167,266.86,257.958,1.833,0.05,1,0,1,0
1/7/2015,10685,127363,82.625,1013.25,265.219,265.167,3,0,0,1,1,0
1/8/2015,9777,127372,58.333,1020.583,262.294,263.292,2.458,0,0,0.01,1,0
1/9/2015,8631,127376,74.833,1022.083,267.363,230.583,3.625,0.07,1.5,0.01,1,0
1/10/2015,6826,127383,59.833,1025.667,264.196,274.792,2.625,0,0,1,0,0
1/11/2015,8204,127395,66.958,1034.792,263.919,234.25,1.583,0,0,1,0,0
1/12/2015,9441,127408,87.875,1027,270.791,224.792,1.208,0.36,0.01,0.01,1,0
1/13/2015,14134,127418,82.292,1027.667,270.526,164.667,2.042,0,0,0,1,0
1/14/2015,14396,127427,77.208,1029.833,264.87,32.167,1.708,0,0,0,1,0
1/15/2015,15463,127434,87.875,1023,266.659,280.125,1.375,0,0,0,1,0
1/16/2015,15059,127441,82.333,1011.875,269.032,266.833,2.792,0,0,0,1,0
1/17/2015,8243,127453,72.792,1024.25,265.027,280.792,1.792,0,0,0,0,0
1/18/2015,2038,127461,87.625,1016.625,269.966,182.208,1.25,2.1,0,0,0,0
1/19/2015,11913,127470,89,1009.542,274.024,276.5,3.208,0,0,0,0,1
1/20/2015,17615,127502,81.083,1010.875,270.928,279.708,1.958,0,0,0,1,0
1/21/2015,16734,127520,77.458,1019.167,267.945,163.708,1.292,0,0,0,1,0
1/22/2015,17435,127530,84.292,1021.25,270.484,220.458,1.042,0,0,0,1,0
1/23/2015,17080,127545,82.292,1025.083,269.122,275.458,1.417,0,0,0,1,0
1/24/2015,5275,127552,95.792,1006.542,272.103,150.583,1.875,0.72,3.6,3,0,0
1/25/2015,10235,127559,81.542,1003.042,272.738,285.625,2.625,0,0,2,0,0
1/26/2015,4537,127566,83.875,1013.5,267.872,69.75,2.542,0.48,5.5,2,1,0
1/27/2015,1405,127569,86.333,1008.208,269.21,199.667,4.083,0.36,4.3,8,1,0
1/28/2015,6223,127575,76.375,1016.458,266.701,335.083,2.667,0,0,8,1,0
1/29/2015,9845,127586,76.625,1025.958,263.342,243.708,1.208,0.02,0.01,6,1,0
1/30/2015,9943,127595,86.917,1011.375,271.395,247.833,2.375,0.06,1,7,1,0
1/31/2015,5752,127596,73.708,1018.167,266.147,318.542,4.833,0,0,7,0,0
2/1/2015,7214,127608,80.458,1020.458,266.799,269,1.458,0.03,0.3,6,0,0
2/2/2015,1686,127608,95.25,1006.458,272.469,145.917,1.917,1.02,5,7,1,0
2/3/2015,5443,127612,78.583,1019.917,266.758,298.833,3.417,0,0,8,1,0
2/4/2015,9854,127624,80.417,1021.042,266.457,214.625,1.625,0,0,8,1,0
2/5/2015,9977,127630,82.958,1013.083,270.258,274.5,2.875,0,0,8,1,0
2/6/2015,9334,127635,72.833,1021.542,262.686,288.375,2.5,0,0,8,1,0
2/7/2015,7346,127640,81,1019.792,265.353,246.292,1.583,0.02,0.01,8,0,0
2/8/2015,7180,127642,86.375,1013.667,271.108,77.292,0.917,0,0,8,0,0
2/9/2015,5717,127646,98.333,1012.042,274.434,61.5,1.875,0.09,0.01,8,1,0
2/10/2015,11289,127652,90.5,1015.708,273.424,27.125,2.458,0.01,0.1,8,1,0
2/11/2015,12453,127657,83.5,1017.917,269.082,41.792,2.042,0,0,8,1,0
2/12/2015,12651,127667,84.042,1008.75,268.12,218.583,1.292,0.01,0.01,8,1,0
2/13/2015,8595,127674,69.042,1014.625,264.283,313.083,3.208,0,0,8,1,0
2/14/2015,5124,127678,78.625,1012.125,262.123,220.25,1.458,0.02,0.9,8,0,0
2/15/2015,2837,127681,80.125,1004.958,264.465,273.625,5.125,0.01,0.01,9,0,0
2/16/2015,4500,127682,70,1021.375,261.224,314.75,3.917,0,0,9,0,1
2/17/2015,5289,127683,84.208,1020.542,263.135,193.167,1.208,0.14,3.3,12,1,0
2/18/2015,10001,127693,71.5,1010.458,261.163,193.417,0.917,0.01,0.01,9,1,0
2/19/2015,8485,127696,76.208,1006.75,263.348,276.333,2.958,0,0,9,1,0
2/20/2015,6825,127700,65.917,1019.25,259.288,296.958,3.208,0,0,9,1,0
2/21/2015,3453,127701,73.167,1029.375,259.02,207.625,1.708,0.61,3,9,0,0
2/22/2015,4654,127706,93.667,1020.542,274.155,211.292,1.125,0.1,1,13,0,0
2/23/2015,8343,127714,78.708,1021.667,269.419,300.708,2.75,0,0,12,1,0
2/24/2015,8483,127729,69.625,1022.75,259.833,262.417,1.5,0,0,12,1,0
2/25/2015,12057,127739,77.042,1009.667,264.656,245.042,2.25,0,0,12,1,0
2/26/2015,11047,127747,75.542,1015.792,264.532,130.792,1.875,0,0,11,1,0
2/27/2015,10861,127753,97.042,1037.25,265.45,201.333,2.083,0,0,11,1,0
2/28/2015,6836,127754,73.375,1037.708,262.488,308.042,1.458,0,0,11,0,0
3/1/2015,3169,127763,85.167,1039.083,263.164,215.667,1,0.52,4.8,10,0,0
3/2/2015,8019,127770,85.875,1019.833,271.582,269.875,2.583,0,0,15,1,0
3/3/2015,7178,127775,76.667,1025.833,267.147,245.375,2,0.67,1.8,14,1,0
3/4/2015,8265,127779,89.875,1011.375,275.842,214.875,3.25,0.25,0,13,1,0
3/5/2015,1821,127784,88.5,1017.208,272.729,244.625,3.167,0.76,7.5,13,1,0
3/6/2015,5953,127792,55.417,1031.375,265.536,289.167,3.625,0,0,19,1,0
3/7/2015,6255,127799,58.167,1025.625,267.937,227.833,3.583,0,0,18,0,0
3/8/2015,8711,127819,56,1018.625,276,253,4.042,0,0,16,0,0
3/9/2015,16365,127852,53.458,1021.875,277.098,250.208,3.375,0.01,0,13,1,0
3/10/2015,13080,127886,72.542,1032.5,275.538,184.833,1.375,0.46,0,11,1,0
3/11/2015,21728,127936,88.5,1019.833,279.454,241,2.083,0.01,0,6,1,0
3/12/2015,19246,127977,87,1038.75,276.067,310.875,3.667,0,0,4,1,0
3/13/2015,17850,128023,87.583,1049.458,272.941,181.292,2.083,0,0,2,1,0
3/14/2015,4302,128041,90.375,1034.917,277.386,182.875,1.625,0.81,0,1,0,0
3/15/2015,9676,128071,89.417,1021.125,278.083,288.542,4.083,0,0,0,0,0
3/16/2015,18476,128108,76.042,1027.458,276.818,286.958,2.708,0,0,0,1,0
3/17/2015,16287,128143,77.542,1018.083,279.586,246.958,3.083,0.02,0,0,1,0
3/18/2015,15050,128169,72.042,1028.292,273.771,310.125,6.208,0,0,0,1,0
3/19/2015,16699,128191,74.292,1037.583,273.263,325.458,3.125,0,0,0,1,0
3/20/2015,8786,128204,81.458,1033.292,272.246,99.875,2.083,0.4,4.5,0,1,0
3/21/2015,10236,128216,98.583,1030.667,273.185,115.75,2.083,0.01,0.01,5,0,0
3/22/2015,10638,128249,93.042,1028.958,274.078,292.375,3.833,0,0,0,0,0
3/23/2015,14669,128287,81,1035.833,271.506,319.625,2.75,0,0,0,1,0
3/24/2015,17532,128313,81.833,1040.167,271.837,119.583,1.792,0,0,0,1,0
3/25/2015,15851,128347,85,1041.875,273.616,193.292,1.75,0.05,0,0,1,0
3/26/2015,16193,128385,90.875,1028,279.527,189.833,2.208,0.32,0,0,1,0
3/27/2015,15433,128417,94.542,1019.25,279.713,320.75,2.792,0.27,0,0,1,0
3/28/2015,1255,128431,90.208,1022.958,275.016,337.167,3.458,0.01,0.01,0,0,0
3/29/2015,10585,128485,68.75,1030,273.574,321.75,2.917,0,0,0,0,0
3/30/2015,19250,128527,58.042,1003.542,276.432,227.625,3,0.01,0.01,0,1,0
3/31/2015,15199,128576,67.292,1024.5,278.559,277.292,3.208,0.17,0.01,0,1,0
4/1/2015,21566,128629,82.75,1028.167,276.28,317.5,2.625,0,0,0,1,0
4/2/2015,26346,128698,65.958,1035.625,278.697,230.75,2.708,0,0,0,1,0
4/3/2015,15978,128735,64.5,1024.792,287.511,221.375,4.25,0.04,0,0,1,0
4/4/2015,15538,128783,82.333,1020.333,282.814,254.667,4.583,0.01,0,0,0,0
4/5/2015,14962,128846,64.625,1034.5,280.232,259.833,3.667,0,0,0,0,0
4/6/2015,25502,128940,65.625,1037.292,282.135,146.5,1.75,0,0,0,1,0
4/7/2015,17640,129003,67.583,1035.042,285.92,172.75,2.167,0.15,0,0,1,0
4/8/2015,19223,129047,89.958,1039.917,279.045,76.167,4,0,0,0,1,0
4/9/2015,17723,129081,89.458,1038.667,277.909,66.083,3.208,0,0,0,1,0
4/10/2015,17648,129124,91.167,1029.833,281.007,147.833,1.875,0.17,0,0,1,0
4/11/2015,20451,129193,68.542,1025.917,284.115,279.875,3.708,0,0,0,0,0
4/12/2015,21851,129273,60.25,1038.333,281.578,271.292,1.958,0,0,0,0,0
4/13/2015,26980,129377,60.083,1039.833,283.248,193.292,2.25,0,0,0,1,0
4/14/2015,24452,129451,57.292,1034.542,287.674,247.042,3.125,0.01,0,0,1,0
4/15/2015,30184,129541,55.375,1034.708,284.761,313.208,2.5,0,0,0,1,0
4/16/2015,29273,129639,40.375,1042.875,284.468,107.208,2.25,0,0,0,1,0
4/17/2015,26164,129717,72.542,1033.125,286.657,212.917,2.875,0.08,0,0,1,0
4/18/2015,31024,129802,64.042,1027.958,288.552,281.542,2,0,0,0,0,0
4/19/2015,23444,129901,40.708,1034.417,286.94,126.833,3.167,0,0,0,0,0
4/20/2015,12080,129974,86.083,1026.875,283.437,110.833,4.208,1.37,0,0,1,0
4/21/2015,27057,130039,83.583,1010,286.255,213.042,2.708,0.2,0,0,1,0
4/22/2015,23893,130109,61.292,1006.042,283.496,218.792,2.75,0.05,0,0,1,0
4/23/2015,23886,130168,58.042,1005.833,280.32,278.458,3.375,0,0,0,1,0
4/24/2015,22605,130211,46.917,1010.208,278.024,307.75,3.417,0,0,0,1,0
4/25/2015,22963,130293,44.375,1011.292,279.452,308.458,2.208,0,0,0,0,0
4/26/2015,23608,130378,45.583,1005,282.706,169.75,1.417,0,0,0,0,0
4/27/2015,27657,130486,48.083,1005.5,283.393,326.125,2.417,0,0,0,1,0
4/28/2015,32481,130575,48.5,1007.792,285.975,341.792,3.208,0,0,0,1,0
4/29/2015,34427,130671,43.833,1006.667,289.59,320.708,2.125,0,0,0,1,0
4/30/2015,31756,130745,50.375,1006.583,287.662,138.333,2.292,0,0,0,1,0
5/1/2015,30345,130840,57.125,1012.75,285.303,78.25,1.25,0,0,0,1,0
5/2/2015,28295,130899,60.167,1014,286.657,154.542,0.792,0,0,0,0,0
5/3/2015,30446,130992,50.542,1017.583,289.515,228.375,0.875,0,0,0,0,0
5/4/2015,35115,131145,39.125,1022.625,292.643,224.25,1.708,0,0,0,1,0
5/5/2015,35990,131284,35.583,1021.458,297.155,267.792,2.083,0,0,0,1,0
5/6/2015,32788,131366,46.667,1023.917,291.623,109.875,1,0.01,0,0,1,0
5/7/2015,37762,131496,59.292,1022.042,292.234,258.083,0.792,0,0,0,1,0
5/8/2015,37206,131607,49.875,1020.042,294.287,188.458,1.25,0,0,0,1,0
5/9/2015,26813,131677,66.25,1023.667,292.228,142.5,1.5,0,0,0,0,0
5/10/2015,28962,131752,78.708,1022.542,294.02,192.042,1.667,0,0,0,0,0
5/11/2015,35068,131884,72.625,1019.333,296.314,202.708,1.958,0.01,0,0,1,0
5/12/2015,38186,131979,74.583,1011.667,296.05,216.375,2.333,0,0,0,1,0
5/13/2015,36162,132074,42.458,1015.417,291.908,304.375,3.333,0,0,0,1,0
5/14/2015,44429,132158,40.125,1026.75,288.677,250.375,1.875,0,0,0,1,0
5/15/2015,37687,132225,46.625,1025.5,288.905,227.042,1.333,0,0,0,1,0
5/16/2015,26142,132293,56.875,1021.958,292.654,200.833,1.792,0.3,0,0,0,0
5/17/2015,34006,132357,83.875,1020.917,294.147,256.667,0.917,0.02,0,0,0,0
5/18/2015,33527,132470,76.5,1020.333,294.038,159.208,1.667,0,0,0,1,0
5/19/2015,36272,132561,91.417,1014.542,289.891,156.5,1.292,0.01,0,0,1,0
5/20/2015,36020,132643,71.417,1010.375,289.843,304.042,2.542,0,0,0,1,0
5/21/2015,33076,132711,54.75,1014.75,285.533,286.875,1.542,0,0,0,1,0
5/22/2015,33898,132765,64.75,1013.292,287.148,274.708,2.042,0,0,0,1,0
5/23/2015,25985,132798,46.75,1025.417,285.679,305.292,2.208,0,0,0,0,0
5/24/2015,27400,132839,48.958,1027.208,288.598,250.417,2.125,0,0,0,0,0
5/25/2015,30636,132914,52.833,1035.042,292.378,233.208,2.417,0,0,0,0,1
5/26/2015,38282,133006,52.292,1034.417,296.377,206.75,3.375,0,0,0,1,0
5/27/2015,35952,133080,60.583,1030.208,296.223,189.833,3.708,0.08,0,0,1,0
5/28/2015,38291,133153,74.708,1029.583,295.155,198,2.25,0,0,0,1,0
5/29/2015,40179,133217,73.75,1033.625,293.563,132.5,1.25,0,0,0,1,0
5/30/2015,33503,133265,70.167,1031.458,294.013,178.542,2.625,0,0,0,0,0
5/31/2015,21196,133339,68.958,1024.5,295.595,193.667,3.625,1.46,0,0,0,0
6/1/2015,16079,133401,92.75,1019.125,287.378,72.75,4.917,0.72,0,0,1,0
6/2/2015,12706,133453,87.792,1020.5,284.287,35,3.292,0.37,0,0,1,0
6/3/2015,36345,133535,80.792,1025.417,287.088,71.5,2.25,0,0,0,1,0
6/4/2015,34390,133598,79.458,1033.875,287.591,94.292,2.125,0,0,0,1,0
6/5/2015,32861,133641,72.458,1029.042,288.927,84.75,1.583,0.13,0,0,1,0
6/6/2015,27910,133687,68.167,1022.292,291.157,154.375,2.125,0.19,0,0,0,0
6/7/2015,32881,133752,55.958,1030.458,290.73,116.917,2.375,0,0,0,0,0
6/8/2015,35453,133832,68.958,1019.917,292.35,189.875,4.083,0.06,0,0,1,0
6/9/2015,37322,133896,73.25,1006.167,295.399,215,3.958,0.01,0,0,1,0
6/10/2015,41386,133964,63.958,1010.333,295.143,261.875,3,0,0,0,1,0
6/11/2015,39083,134041,59.25,1016,297.977,218.792,2.667,0,0,0,1,0
6/12/2015,36801,134109,72.542,1023.292,297.259,152.625,1.708,0,0,0,1,0
6/13/2015,31772,134156,59.708,1021.25,298.964,211.333,2.333,0,0,0,0,0
6/14/2015,29829,134220,61.292,1026.167,296.453,180.792,1.208,0.36,0,0,0,0
6/15/2015,26533,134279,84.458,1018.875,295.55,158.917,3,0.57,0,0,1,0
6/16/2015,33832,134345,85.667,1013.458,293.787,92.667,2.417,0.27,0,0,1,0
6/17/2015,40009,134414,68.208,1018.125,295.332,199.333,3.625,0.01,0,0,1,0
6/18/2015,37326,134468,74.208,1022.708,292.707,147.208,2.375,0,0,0,1,0
6/19/2015,39350,134516,90.25,1022.167,294.294,249.583,1.917,0,0,0,1,0
6/20/2015,24937,134548,86.542,1027.667,292.873,146.292,2.5,0.01,0,0,0,0
6/21/2015,27486,134602,94.667,1020.5,295.23,205.583,2.75,0.64,0,0,0,0
6/22/2015,39758,134676,80.833,1021.958,296.487,291.833,2.542,0,0,0,1,0
6/23/2015,34182,134743,64.5,1020.917,298.785,198.458,3.333,0.02,0,0,1,0
6/24/2015,43484,134818,74.458,1022.75,295.85,303.667,2.708,0,0,0,1,0
6/25/2015,41618,134859,57.875,1020.542,295.863,234.208,2.5,0,0,0,1,0
6/26/2015,40599,134908,67.75,1014.958,295.657,133.25,2.417,0,0,0,1,0
6/27/2015,16271,134935,75.708,1018.333,292.655,114.375,3.208,1.12,0,0,0,0
6/28/2015,21588,134975,83.958,1007.917,290.575,129.708,3.833,0.29,0,0,0,0
6/29/2015,39785,135065,71.542,1010.333,293.561,229.417,3.042,0,0,0,1,0
6/30/2015,39839,135136,70.292,1012.917,295,191.083,2.792,0.04,0,0,1,0
7/1/2015,39019,135204,72.625,1009.208,296.734,208.208,3.875,0.39,0,0,1,0
7/2/2015,36962,135247,68.083,1012.167,295.578,234.583,1.792,0,0,0,1,0
7/3/2015,27821,135294,70.083,1014,294.793,167.542,1.458,0,0,0,0,1
7/4/2015,22347,135326,73.167,1014.583,294.278,120.458,2.542,0.01,0,0,0,0
7/5/2015,26708,135384,70.042,1018.75,295.193,224.875,1.833,0,0,0,0,0
7/6/2015,36174,135470,76.125,1019.75,296.466,181.833,2.417,0,0,0,1,0
7/7/2015,37930,135548,75.125,1017.167,298.699,190.167,3.167,0.12,0,0,1,0
7/8/2015,35900,135594,76.292,1014.417,298.73,235.833,2.917,0.01,0,0,1,0
7/9/2015,32734,135646,82.625,1014.875,295.778,156.417,1.333,0.3,0,0,1,0
7/10/2015,39687,135704,70.125,1012.917,296.755,248.417,3.333,0,0,0,1,0
7/11/2015,32620,135755,65.417,1018.083,296.966,147.208,1.458,0,0,0,0,0
7/12/2015,31853,135809,67.583,1017.5,297.592,231.208,2.167,0,0,0,0,0
7/13/2015,39586,135890,68.333,1012.792,297.998,189.083,2.625,0,0,0,1,0
7/14/2015,36671,135966,73.833,1005.875,296.454,169.333,2.833,0.42,0,0,1,0
7/15/2015,35855,136023,86.5,1003.333,297.304,141.625,2.167,0.12,0,0,1,0
7/16/2015,43302,136092,57.458,1014.75,294.495,95.792,2.958,0,0,0,1,0
7/17/2015,40782,136144,72.583,1017.583,294.328,200.375,3.042,0,0,0,1,0
7/18/2015,29619,136188,70.167,1014.792,297.265,203.333,3,0.32,0,0,0,0
7/19/2015,29332,136244,70.375,1011.042,300.785,219.875,2.208,0,0,0,0,0
7/20/2015,35960,136315,60.958,1006.625,302.527,245.292,2.625,0,0,0,1,0
7/21/2015,39557,136379,68.167,1004.875,300.047,271.417,1.833,0.01,0,0,1,0
7/22/2015,43602,136460,54.333,1007.917,296.404,305.542,4.125,0,0,0,1,0
7/23/2015,43319,136528,58.042,1013.208,295.709,269.5,2.5,0,0,0,1,0
7/24/2015,41201,136594,58.167,1014,296.157,225.833,2.292,0,0,0,1,0
7/25/2015,32458,136655,60.042,1015.333,296.553,213.167,1.792,0,0,0,0,0
7/26/2015,31325,136721,64.25,1015.458,298.178,193.917,3.542,0.01,0,0,0,0
7/27/2015,39602,136818,68.917,1015.875,298.375,184.667,2.417,0.36,0,0,1,0
7/28/2015,41321,136901,68.708,1015.875,299.575,232.542,1.458,0,0,0,1,0
7/29/2015,40267,136979,65.75,1014.917,301.003,220.042,1.792,0,0,0,1,0
7/30/2015,31878,137044,77.125,1012.292,299.716,211.625,3.417,1.95,0,0,1,0
7/31/2015,39360,137109,66.208,1011.25,298.865,268.917,2.583,0,0,0,1,0
8/1/2015,36088,137654,61.375,1009.833,298.831,257.5,2.667,0,0,0,0,0
8/2/2015,32482,137738,59.083,1012.375,298.065,265.875,2.333,0,0,0,0,0
8/3/2015,39912,137833,59.875,1010.792,298.837,219,3.417,0,0,0,1,0
8/4/2015,41672,137913,59.417,1010.75,299.345,244.083,4.292,0.43,0,0,1,0
8/5/2015,42149,138024,57.125,1013.333,297.522,293.875,2.75,0,0,0,1,0
8/6/2015,43455,138142,61.708,1014.833,295.607,222.875,2.375,0,0,0,1,0
8/7/2015,41967,138224,63.167,1013.167,296.155,113.208,3.083,0,0,0,1,0
8/8/2015,39866,138366,64.875,1014.167,295.408,108.125,2.625,0,0,0,0,0
8/9/2015,33654,138455,63.833,1015.875,296.008,112.125,2.417,0,0,0,0,0
8/10/2015,40718,138644,70.292,1016.875,295.853,181.125,2.417,0,0,0,1,0
8/11/2015,25692,138756,78.083,1010.458,296.181,194.625,3.667,1.17,0,0,1,0
8/12/2015,44145,138895,69.708,1011.625,296.597,249.583,2.958,0,0,0,1,0
8/13/2015,43174,139042,58.958,1016.75,295.759,301.625,2.417,0,0,0,1,0
8/14/2015,40903,139172,63.25,1020.542,295.95,258.083,1.792,0,0,0,1,0
8/15/2015,38777,139377,61.25,1019.667,298.531,251.542,2.5,0,0,0,0,0
8/16/2015,30337,139514,66.75,1019.375,299.525,240.125,3.042,0,0,0,0,0
8/17/2015,37446,139712,65.708,1018.667,300.143,221.75,2.667,0,0,0,1,0
8/18/2015,39913,139882,66.042,1016.708,300.115,204.042,3.125,0.29,0,0,1,0
8/19/2015,40721,140076,76.875,1016.167,298.995,164.75,2.833,0,0,0,1,0
8/20/2015,39275,140222,76.167,1016.25,298.969,151.667,4.458,0.01,0,0,1,0
8/21/2015,38033,140392,68.667,1015.75,298.156,168.625,3.542,0.32,0,0,1,0
8/22/2015,34269,140516,54.75,1018.75,296.363,123.375,2.208,0,0,0,0,0
8/23/2015,33059,140725,73.792,1016.417,295.351,124.292,2.167,0,0,0,0,0
8/24/2015,38676,140971,73.25,1013.083,297.021,190.708,1.958,0,0,0,1,0
8/25/2015,41052,141218,62.208,1011.167,298.951,219.958,2.708,0,0,0,1,0
8/26/2015,42373,141423,55.333,1014.333,295.517,273.292,2.708,0,0,0,1,0
8/27/2015,42801,141674,64,1017.625,294.273,313.333,2.792,0,0,0,1,0
8/28/2015,41418,141943,65.75,1021.083,293.396,294.167,2.75,0,0,0,1,0
8/29/2015,34053,142169,66.542,1021.958,294.84,244.417,1.75,0,0,0,0,0
8/30/2015,32581,142496,64.833,1019.125,297.197,223.333,2.792,0.13,0,0,0,0
8/31/2015,40043,143057,64.792,1016.917,299.526,249.333,2.667,0,0,0,1,0
9/1/2015,43069,143239,67.333,1016.792,299.403,142.833,2.292,0,0,0,1,0
9/2/2015,43004,143424,68.167,1016.458,298.243,200.292,1.625,0,0,0,1,0
9/3/2015,42462,143581,68.375,1012.125,299.224,205.75,2.083,0,0,0,1,0
9/4/2015,39572,143722,70.792,1015.958,298.449,75.708,2.667,0,0,0,1,0
9/5/2015,33669,143854,68.417,1023.833,295.836,87.25,2.792,0,0,0,0,0
9/6/2015,32875,143962,66.958,1023.167,294.499,158.542,1.708,0,0,0,0,0
9/7/2015,33280,144160,65.75,1019.625,296.614,232.958,2.417,0,0,0,0,1
9/8/2015,42344,144402,60.167,1016.167,300.109,218.875,2.75,0,0,0,1,0
9/9/2015,43528,144617,67.417,1013.583,299.732,199.958,2.583,0.01,0,0,1,0
9/10/2015,22023,144769,84.958,1010.125,296.522,109.167,2.708,1.58,0,0,1,0
9/11/2015,47206,144950,77.542,1007.208,294.78,125.875,3.833,0,0,0,1,0
9/12/2015,33282,145145,79.125,1009.125,294.185,174.125,2.375,0.29,0,0,0,0
9/13/2015,34308,145406,76.042,1005.708,294.394,215.792,3.583,0.04,0,0,0,0
9/14/2015,44367,145619,59.417,1015.25,290.957,277.333,4.125,0,0,0,1,0
9/15/2015,48402,145951,60.708,1024.708,293.005,258.917,2.458,0,0,0,1,0
9/16/2015,50780,146279,65.958,1025.958,294.676,237.167,1.542,0,0,0,1,0
9/17/2015,50275,146611,66.833,1022,295.508,213.625,1.958,0,0,0,1,0
9/18/2015,49946,146874,67.542,1017.542,295.427,207.125,2.292,0,0,0,1,0
9/19/2015,42653,1471994256,76.917,1014.292,294.802,193.333,2.667,0,0,0,0,0
9/20/2015,40099,147602,66.625,1014.292,295.151,172.917,3.542,0,0,0,0,0
9/21/2015,47178,147960,60.083,1021.25,290.55,51.167,3.417,0,0,0,1,0
9/22/2015,48664,148254,61.542,1024.083,291.178,66.667,3.167,0,0,0,1,0
9/23/2015,48175,148522,67.792,1024.333,291.549,53.75,2.542,0,0,0,1,0
9/24/2015,52706,148809,60.875,1024.667,291.767,124.125,2.458,0,0,0,1,0
9/25/2015,51367,149055,68.75,1027.25,292.062,87.375,3.458,0,0,0,1,0
9/26/2015,42559,149309,65.458,1029.25,290.495,75.375,3.833,0,0,0,0,0
9/27/2015,38278,149566,74.125,1030.625,289.067,77.167,3.167,0,0,0,0,0
9/28/2015,48009,149886,77.125,1023.792,292.792,90.292,2.208,0,0,0,1,0
9/29/2015,48728,150277,82,1018.125,295.617,134.208,2.333,0.11,0,0,1,0
9/30/2015,39450,150811,85.125,1008.167,295.535,164.625,3.75,1.26,0,0,1,0
10/1/2015,34719,150933,68.625,1017.333,287.743,43.042,4.792,0.09,0,0,1,0
10/2/2015,9444,150976,81.125,1021.667,284.332,31.25,5,1.08,0,0,1,0
10/3/2015,16564,151027,88.708,1025.083,282.829,45.417,6.292,0.35,0,0,0,0
10/4/2015,30214,151167,64.917,1026.208,286.063,55.833,5.958,0,0,0,0,0
10/5/2015,44581,151361,69.542,1022.542,286.414,39.167,3.167,0,0,0,1,0
10/6/2015,49720,151461,76.167,1018.25,287.326,147.5,2.333,0,0,0,1,0
10/7/2015,50141,151579,73.75,1016.167,289.453,281.417,2.083,0,0,0,1,0
10/8/2015,50179,151968,77.042,1019.458,288.85,223.417,2.292,0,0,0,1,0
10/9/2015,37283,152132,78.375,1014.708,290.763,210.792,3.458,0.89,0,0,1,0
10/10/2015,39348,152260,60.458,1017,287.647,214.792,2.625,0,0,0,0,0
10/11/2015,38967,152421,73.083,1016.25,285.562,231.958,2.375,0,0,0,0,0
10/12/2015,45584,153049,71,1010.542,288.372,224.833,2.75,0,0,0,0,1
10/13/2015,49047,153382,81.167,1002.833,289.583,214.042,2.625,0.01,0,0,1,0
10/14/2015,50000,153619,71.167,1005.958,289.053,275.458,2.958,0,0,0,1,0
10/15/2015,48783,153784,66.292,1014.292,285.616,295.75,3.042,0,0,0,1,0
10/16/2015,46486,153866,64.25,1015.125,285.959,268.333,3.833,0,0,0,1,0
10/17/2015,31811,154026,63.625,1019.167,282.409,286.25,3.417,0,0,0,0,0
10/18/2015,23978,154092,59.042,1024.875,277.637,304.5,3.458,0,0,0,0,0
10/19/2015,36570,154422,66.333,1030.042,277.104,296.792,2.708,0,0,0,1,0
10/20/2015,45377,154499,57.25,1024.125,284.842,233.542,3.5,0,0,0,1,0
10/21/2015,49121,154626,56.625,1024.375,289.135,226.208,2.417,0,0,0,1,0
10/22/2015,49604,154799,65.333,1022.208,288.884,224.875,2.917,0,0,0,1,0
10/23/2015,44681,154935,49.625,1021.833,287.747,245.625,3.833,0,0,0,1,0
10/24/2015,31713,155028,73.875,1025.958,280.749,110.292,2.958,0,0,0,0,0
10/25/2015,29289,155118,71.042,1019.125,287.264,238.708,3.708,0.05,0,0,0,0
10/26/2015,42166,155296,65.583,1028.125,282.813,116.958,3.125,0,0,0,1,0
10/27/2015,44553,155445,71.875,1032.625,281.315,73.75,1.958,0,0,0,1,0
10/28/2015,20736,155572,78.542,1024.833,286.024,92.167,4.208,1.4,0,0,1,0
10/29/2015,45359,155697,75.833,1003.417,292.175,205.375,5.667,0.04,0,0,1,0
10/30/2015,44521,155873,52.792,1011.5,285.378,274.792,4.875,0,0,0,1,0
10/31/2015,31759,156005,63.458,1021.792,280.871,203.542,2.667,0,0,0,0,0
11/1/2015,30622,156096,69.167,1015.917,285.206,206.708,3.417,0,0,0,0,0
11/2/2015,44534,156208,69.292,1017.708,286.248,270.75,2.083,0,0,0,1,0
11/3/2015,49326,156301,63.583,1021.667,285.89,199.208,1.625,0,0,0,1,0
11/4/2015,49487,156400,60.875,1026.708,287.163,152.875,1.792,0,0,0,1,0
11/5/2015,43006,156499,88.167,1025.833,288.323,185.375,1.458,0.01,0,0,1,0
11/6/2015,47162,156561,84.042,1017.375,292.812,207.25,3.25,0,0,0,1,0
11/7/2015,35586,156647,56.917,1015.458,290.605,280.292,3.292,0,0,0,0,0
11/8/2015,32318,156743,45.75,1025.292,283.917,283.292,3.292,0,0,0,0,0
11/9/2015,42262,156820,69.917,1030.708,280.832,203.042,1.25,0,0,0,1,0
11/10/2015,21585,156963,74.167,1021.708,285.078,62.5,3.25,0.26,0,0,1,0
11/11/2015,37705,157038,84.083,1010.042,284.847,233.708,5,0.43,0,0,0,1
11/12/2015,37319,157143,81.333,1011.417,285.455,131.333,2.417,0.01,0,0,1,0
11/13/2015,38970,157226,55.333,1003.917,285.935,255.208,7.458,0,0,0,1,0
11/14/2015,25300,157296,41.125,1014.833,281.138,279.458,6.708,0,0,0,0,0
11/15/2015,25991,157392,53.292,1025.042,279.939,254.958,3.958,0,0,0,0,0
11/16/2015,40916,157491,48.5,1023.417,284.848,217.5,2.917,0,0,0,1,0
11/17/2015,38939,157570,55.833,1031.375,281.092,75.458,3.542,0,0,0,1,0
11/18/2015,41486,157628,67.167,1033.625,280.81,128.917,2.583,0,0,0,1,0
11/19/2015,21890,157666,82.125,1024.208,288.041,137.833,4.208,1.25,0,0,1,0
11/20/2015,38205,157702,62.75,1017.667,286.916,276.167,4.5,0,0,0,1,0
11/21/2015,28038,157731,51.708,1023.958,278.917,154.958,3.542,0,0,0,0,0
11/22/2015,23344,157781,66.25,1014.292,282.23,223.917,3.708,0.03,0,0,0,0
11/23/2015,30136,157830,45.625,1016.792,277.427,325.667,6.333,0,0,0,1,0
11/24/2015,32218,157870,55.292,1026.5,274.476,265.125,2.875,0,0,0,1,0
11/25/2015,30295,157893,53.667,1038.208,276.904,126.917,1.958,0,0,0,1,0
11/26/2015,13291,157907,73.833,1041.958,279.294,96.458,1.917,0,0,0,0,1
11/27/2015,22829,157929,81.917,1034.542,283.271,225.5,2.5,0,0,0,1,0
11/28/2015,15832,157952,74.375,1022.75,285.066,212.708,2.583,0.02,0,0,0,0
11/29/2015,18453,157997,70.417,1023.833,279.027,75.917,3.417,0,0,0,0,0
11/30/2015,30221,158047,67.167,1029.583,276.203,25.792,4.833,0,0,0,1,0
12/1/2015,18399,158067,84.667,1024.208,279.93,77.875,2.458,0.33,0,0,1,0
12/2/2015,23782,158096,92.917,1013.375,281.871,108,1.792,0.14,0,0,1,0
12/3/2015,33917,158130,71.083,1010.333,282.668,271.125,5,0.01,0,0,1,0
12/4/2015,34737,158157,60.625,1027.5,280.329,252.583,3.667,0,0,0,1,0
12/5/2015,26355,158183,69,1037.833,277.905,184.5,1.875,0,0,0,0,0
12/6/2015,24942,158214,76.583,1034.333,277.238,230.542,1.958,0,0,0,0,0
12/7/2015,34139,158251,68.833,1022.583,278.524,227.458,2,0,0,0,1,0
12/8/2015,35614,158284,75.458,1019.75,279.104,86.125,3.625,0,0,0,1,0
12/9/2015,35305,158317,77.667,1019.75,277.94,156.292,1.458,0,0,0,1,0
12/10/2015,39099,158357,74.542,1015.542,284.202,201.208,2,0.01,0,0,1,0
12/11/2015,39059,158388,77.75,1014.083,282.506,200.333,2.167,0,0,0,1,0
12/12/2015,31956,158427,72.208,1019.208,285.142,194.958,1.792,0.01,0,0,0,0
12/13/2015,32001,158468,74.333,1020.583,286.632,183.458,1.333,0,0,0,0,0
12/14/2015,32518,158529,82.458,1015.083,285.94,84.833,2.125,0.33,0,0,1,0
12/15/2015,38660,158572,68.25,1000.75,288.623,252.75,6.042,0.09,0,0,1,0
12/16/2015,35643,158617,60.083,1016.625,282.683,218.375,4.667,0.04,0,0,1,0
12/17/2015,21960,158643,85.875,1015.375,283.83,120,1.708,1.21,0,0,1,0
12/18/2015,30699,158671,75.375,1006.417,282.666,254.333,3.667,0.01,0,0,1,0
12/19/2015,17776,158692,48.542,1015.792,275.736,275.75,7.083,0,0,0,0,0
12/20/2015,17029,158732,44.167,1029.792,276.126,261.917,4.125,0,0,0,0,0
12/21/2015,29800,158772,59.583,1026.917,278.107,217.042,3.042,0,0,0,1,0
12/22/2015,22941,158793,76.417,1017.208,284.885,202.333,2.625,0.19,0,0,1,0
12/23/2015,14817,158825,92.667,1019.875,284.25,116.083,1.792,1.55,0,0,1,0
12/24/2015,18445,158844,83.417,1013.5,290.612,171.625,3.583,0.01,0,0,1,0
12/25/2015,12331,158883,87.75,1020.833,287.026,207.792,1.292,0.01,0,0,0,1
12/26/2015,13912,158933,65.625,1028.458,284.641,94.583,3.167,0.01,0,0,0,0
12/27/2015,13176,158993,85,1018.458,283.769,172.333,3.208,0.12,0,0,0,0
12/28/2015,18889,159046,60.083,1025.292,278.964,206.75,4.5,0.03,0.01,0,1,0
12/29/2015,13347,159081,85.292,1022.708,276.262,108.417,5.083,0.45,0.01,0,1,0
12/30/2015,22476,159148,88.917,1023.458,277.664,92.458,1.667,0.19,0,0,1,0
12/31/2015,20375,159215,82.708,1018.708,280.301,248.542,2.75,0.03,0,0,1,0
1/1/2016,11009,159362,61.125,1017.958,277.484,271.167,4.708,0,0,0,0,1
1/2/2016,14587,159403,56.875,1017.875,274.797,258.208,4.333,0,0,0,0,0
1/3/2016,15499,159459,62.458,1013.167,275.197,244.875,3.625,0,0,0,0,0
1/4/2016,19593,159502,50.583,1015.917,272.228,293.167,5.625,0,0,0,1,0
1/5/2016,18053,159534,42.125,1032.875,264.867,305.375,5.75,0,0,0,1,0
1/6/2016,24569,159564,43.25,1035.5,269.533,238.583,1.917,0,0,0,1,0
1/7/2016,27773,159588,44.5,1028.042,273.052,222,1.75,0,0,0,1,0
1/8/2016,28709,159621,61.833,1023.083,275.185,68.125,2.75,0,0,0,1,0
1/9/2016,20846,159654,80.083,1022.375,278.624,66.458,2.542,0.01,0,0,0,0
1/10/2016,14275,159682,89.042,1006.75,283.281,116.125,4.583,1.8,0,0,0,0
1/11/2016,22937,159731,57.333,1008.833,275.158,264.375,8.292,0,0,0,1,0
1/12/2016,25211,159761,52.042,1015.208,271.222,222.583,3,0,0.01,0,1,0
1/13/2016,21133,159792,51.625,1012.292,270.296,267.333,8.375,0,0,0,1,0
1/14/2016,23780,159813,47.583,1015.542,270.228,258.583,4.25,0,0.01,0,1,0
1/15/2016,28435,159841,70.917,1013.417,275.802,114.75,1.708,0.01,0,0,1,0
1/16/2016,19178,159885,73,1000.208,279.658,197.5,4.083,0.24,0,0,0,0
1/17/2016,12024,159910,65.5,1009.375,275.716,209.958,3.25,0.05,0.4,0,0,0
1/18/2016,12718,159931,66.542,1009.292,269.79,278,5.875,0.01,0.01,0.01,0,1
1/19/2016,17281,159957,46.833,1017.208,266.844,277.167,8.167,0,0,0.01,1,0
1/20/2016,23419,159972,54.042,1021.75,271.937,299.083,4.5,0,0,0.01,1,0
1/21/2016,23671,159991,57.667,1020.75,272.093,317.167,4.542,0,0,0,1,0
1/22/2016,20950,160004,47.833,1025.083,269.08,238.875,4.25,0.01,0.2,0,1,0
1/23/2016,0,160005,79.083,1012.792,269.996,27.458,7.75,2.31,27.3,6,0,0
1/24/2016,0,160013,63.417,1011.417,270.178,269.458,5.083,0.01,0.01,22,0,0
1/25/2016,0,160020,61.958,1024,270.64,242.792,1.375,0,0,19,1,0
1/26/2016,0,160028,80.833,1020.708,273.826,192.25,3.125,0,0,17,1,0
1/27/2016,6760,160039,68.583,1016.25,278.501,273.167,4,0.01,0,9,1,0
1/28/2016,11944,160053,63.042,1017.042,272.836,236.958,2.375,0,0,6,1,0
1/29/2016,16028,160064,66.333,1001.708,274.402,236.625,2.833,0,0,6,1,0
1/30/2016,12964,160084,59.458,1016,272.779,264.667,3.667,0,0,6,0,0
1/31/2016,16112,160118,70.083,1015.292,277.553,199,2.583,0,0,4,0,0
2/1/2016,24334,160160,74.375,1009.958,279.974,233.833,2.75,0.01,0,2,1,0
2/2/2016,28527,160189,56.25,1022.958,278.29,230.458,2.625,0,0,0.01,1,0
2/3/2016,16203,160216,78.625,1021.583,279.751,147,3.042,0.73,0,0,1,0
2/4/2016,27765,160247,76.792,1013.75,284.305,257.792,3.417,0.01,0,0,1,0
2/5/2016,13669,160257,71.5,1019.417,276.362,236.083,5.042,0.53,2.5,1,1,0
2/6/2016,16933,160280,62.042,1027.875,273.006,257.542,2.792,0,0,0,0,0
2/7/2016,17605,160316,61.667,1022.333,274.772,202.125,1.917,0,0,0,0,0
2/8/2016,19026,160335,65.25,1009.958,275.155,64.583,4.75,0.05,0.1,0,1,0
2/9/2016,22740,160364,75.75,1005,271.715,49.667,3.208,0,0.01,0.01,1,0
2/10/2016,22418,160395,71.792,1003.25,273.829,191.083,3.833,0.01,0.01,0,1,0
2/11/2016,18747,160425,46.667,1011.083,269.794,275.667,7.167,0.01,0.01,0,1,0
2/12/2016,16445,160450,43.458,1022.708,266.076,264.417,4.625,0,0,0,1,0
2/13/2016,6625,160459,49.417,1016.292,266.041,277.917,6.292,0,0,0,0,0
2/14/2016,4652,160468,33.5,1030.792,259.215,283.125,5.75,0,0,0,0,0
2/15/2016,5883,160480,59.083,1032.958,264.031,102.417,2.208,0.44,1.4,0,0,1
2/16/2016,14225,160505,87.292,1011.917,278.996,130.958,4.25,1.01,0,0,1,0
2/17/2016,23572,160528,68.542,1012.5,276.657,279.083,3.333,0,0,0,1,0
2/18/2016,22261,160550,56.292,1027.375,273.106,316.625,5.083,0,0,0,1,0
2/19/2016,21959,160568,51.458,1034.75,270.592,164.125,2.667,0,0,0,1,0
2/20/2016,24484,160618,56.375,1017.875,280.627,189.958,4.083,0,0,0,0,0
2/21/2016,20052,160685,59.208,1012.333,282.397,247.625,2.875,0.03,0,0,0,0
2/22/2016,28233,160749,58.792,1018.375,279.385,131.25,2.958,0,0,0,1,0
2/23/2016,16133,160784,74.25,1025,275.703,82.333,3.667,0.3,0.01,0,1,0
2/24/2016,9761,160814,92.917,1015.958,277.591,69.208,5.25,1.22,0,0,1,0
2/25/2016,25102,160849,80.25,993.25,284.629,193.833,7,0.02,0,0,1,0
2/26/2016,22574,160887,56.833,1008.042,274.824,290.958,7.083,0,0,0,1,0
2/27/2016,17226,160910,46.292,1019.667,272.448,277.583,4.083,0,0,0,0,0
2/28/2016,25440,160982,45.708,1014.792,279.659,223.875,5.083,0,0,0,0,0
2/29/2016,27957,161089,52.625,1005.792,282.35,222.75,5.333,0.05,0,0,1,0
3/1/2016,30509,161146,48.75,1017.75,280.14,204.583,4.417,0,0,0,1,0
3/2/2016,26195,161198,60.042,1005.708,280.438,211.917,7.208,0.14,0,0,1,0
3/3/2016,24061,161243,45.875,1021.542,271.946,291.875,4.958,0,0,0,1,0
3/4/2016,17369,161268,74.75,1021.542,273.139,104.167,3.542,0.11,0.4,0.01,1,0
3/5/2016,18023,161310,49.75,1021.125,273.462,220.083,3.417,0,0,0,0,0
3/6/2016,18832,161379,53.083,1024.583,274.438,175.833,2.375,0,0,0,0,0
3/7/2016,31492,161493,62.042,1023.625,278.108,209.542,3.625,0,0,0,1,0
3/8/2016,36521,161604,53.542,1019.917,284.508,163.833,1.875,0,0,0,1,0
3/9/2016,41489,161732,61.208,1020.125,285.578,153.167,2.208,0,0,0,1,0
3/10/2016,42252,161867,42.292,1015.875,292.516,229.417,4.042,0,0,0,1,0
3/11/2016,38193,161987,57.833,1017.208,289.174,310.875,4.417,0.06,0,0,1,0
3/12/2016,32770,162086,51.208,1025.75,281.847,205,3.458,0,0,0,0,0
3/13/2016,27549,162214,50.167,1017.25,285.168,163.5,3.042,0.01,0,0,0,0
3/14/2016,10930,162289,65.875,1019.667,281.354,85.458,4.458,0.29,0,0,1,0
3/15/2016,31595,162380,83.417,1010.625,281.794,99.917,4.708,0,0,0,1,0
3/16/2016,36067,162482,76.25,1010.167,284.352,223.875,1.708,0.02,0,0,1,0
3/17/2016,35390,162583,70.625,1010.5,284.019,201.042,3.5,0.01,0,0,1,0
3/18/2016,34647,162670,43.375,1009.5,282.484,273.25,5.292,0,0,0,1,0
3/19/2016,24048,162733,41.167,1018.042,278.093,266.25,3.583,0,0,0,0,0
3/20/2016,16676,162795,44.875,1021.292,275.934,59.375,3.542,0.07,0.01,0,0,0
3/21/2016,26414,162890,61.667,1011.625,276.554,259.583,4.375,0.06,0.5,0.01,1,0
3/22/2016,33496,163000,40.833,1019.375,278.499,263.875,4.75,0,0,0,1,0
3/23/2016,40981,163136,42.5,1015.333,285.569,224.75,4.708,0,0,0,1,0
3/24/2016,36495,163216,60.375,1017.458,282.788,87.125,3.667,0,0,0,1,0
3/25/2016,34091,163320,74.792,1008.292,285.677,136.5,3.333,0.04,0,0,1,0
3/26/2016,27474,163407,55.458,1022.833,280.696,258.75,4.833,0,0,0,0,0
3/27/2016,22481,163501,71.417,1028.792,280.388,118.042,2.792,0,0,0,0,0
3/28/2016,20344,163589,78.792,1011,281.371,141.833,3.833,0.38,0,0,1,0
3/29/2016,31481,163681,39.75,1011.792,282.205,289.333,9.167,0,0,0,1,0
3/30/2016,33674,163770,31.583,1025.625,279.467,220.375,3.917,0,0,0,1,0
3/31/2016,38192,163865,53,1017.333,286.001,195.667,5.458,0,0,0,1,0
4/1/2016,34448,163963,69.375,1004.417,291.791,197.042,5.542,0.02,0,0,1,0
4/2/2016,21838,164031,64.208,1001.292,285.955,215.5,3.125,0.16,0,0,0,0
4/3/2016,15321,164102,49.708,1001.958,277.819,270.792,8.583,0.09,0.01,0,0,0
4/4/2016,12302,164167,61.833,1013.333,276.315,105.75,3.667,0.47,0.01,0,1,0
4/5/2016,26236,164237,46.042,1022.75,273.005,198.542,6.708,0,0,0,1,0
4/6/2016,29364,164310,43.25,1026.833,275.379,180.958,3.625,0,0,0,1,0
4/7/2016,30400,164366,73.042,1006.25,283.356,188.583,5.625,0.09,0,0,1,0
4/8/2016,30811,164425,58.875,1001.208,281.197,251,5.875,0.01,0,0,1,0
4/9/2016,12698,164455,64.667,1007.625,275.802,143.083,2.833,0.11,0.01,0,0,0
4/10/2016,23228,164536,47.792,1022.583,276.742,282.958,4.792,0,0,0,0,0
4/11/2016,32048,164632,51.667,1022.958,282.501,194,4.25,0.01,0,0,1,0
4/12/2016,23765,164703,66.5,1016.125,284.869,238.625,4,0.2,0,0,1,0
4/13/2016,37538,164790,41.5,1027.458,280.803,250.542,3.75,0,0,0,1,0
4/14/2016,38502,164885,52.458,1027.375,281.707,96.25,2.042,0,0,0,1,0
4/15/2016,39676,164996,53,1029.542,282.68,120.375,1.958,0,0,0,1,0
4/16/2016,36148,165139,46.542,1029.917,283.888,79.292,2.958,0,0,0,0,0
4/17/2016,38838,165354,47.458,1029.792,285.258,126.667,1.833,0,0,0,0,0
4/18/2016,43989,165576,41.458,1023.083,289.405,138.125,1.875,0,0,0,1,0
4/19/2016,46075,165812,33.333,1016.5,290.576,270.625,5,0,0,0,1,0
4/20/2016,44542,166002,25.917,1022.708,287.455,260.417,4.5,0,0,0,1,0
4/21/2016,45568,166153,51.25,1019.917,286.04,213.792,3.208,0,0,0,1,0
4/22/2016,48806,166319,56.708,1013.083,293.365,206.042,3.167,0.01,0,0,1,0
4/23/2016,33631,166462,65.292,1009.792,291.239,225.333,3.792,0.16,0,0,0,0
4/24/2016,37862,166692,28.417,1016.542,286.049,252.083,4.167,0,0,0,0,0
4/25/2016,42303,166902,53.708,1016.167,286.723,113.417,2.458,0,0,0,1,0
4/26/2016,34639,167048,76.792,1009,286.254,97.583,2.875,0.24,0,0,1,0
4/27/2016,41931,167196,68.875,1012.625,283.381,72.125,3.042,0,0,0,1,0
4/28/2016,37428,167311,56.5,1015.958,283.856,98.792,3.625,0,0,0,1,0
4/29/2016,34878,167439,57.833,1018.5,283.223,89.167,3.958,0.05,0,0,1,0
4/30/2016,38258,167638,67.167,1021.917,283.848,83.417,2.375,0,0,0,0,0
5/1/2016,10697,167721,76.5,1022.083,282.439,122.542,2.542,0.16,0,0,0,0
5/2/2016,38536,167842,84.917,1016.208,282.597,102.667,2.208,0.04,0,0,1,0
5/3/2016,22858,167987,88.458,1011.625,284.941,110.625,2.583,0.61,0,0,1,0
5/4/2016,31619,168111,86.5,1008.792,283.278,70.542,2.875,0.01,0,0,1,0
5/5/2016,39903,168262,70.583,1005.958,283.298,40.625,3.792,0,0,0,1,0
5/6/2016,18860,168326,82.875,1005.5,283.733,44.25,3.792,0.54,0,0,1,0
5/7/2016,31078,168427,87,1008.625,283.809,76.083,2.792,0,0,0,0,0
5/8/2016,31197,168582,77.917,1005.625,285.685,210.25,3.583,0.16,0,0,0,0
5/9/2016,45724,168779,61.208,1014.208,287.855,269.125,4.375,0,0,0,1,0
5/10/2016,44849,168979,57.833,1019,286.769,160.542,3.375,0,0,0,1,0
5/11/2016,51181,169209,65.208,1020.667,288.472,173.667,2.5,0,0,0,1,0
5/12/2016,52273,169407,62.25,1018.542,290.97,159.958,2.583,0,0,0,1,0
5/13/2016,32391,169570,76.625,1012.75,289.081,134.542,2.042,0.25,0,0,1,0
5/14/2016,42063,169769,76.167,1007.708,290.292,237.75,3.292,0,0,0,0,0
5/15/2016,28662,169933,54.667,1007.167,285.15,275.833,5.458,0,0,0,0,0
5/16/2016,42787,170102,47.083,1016.375,283.269,268.75,6.417,0,0,0,1,0
5/17/2016,43396,170276,51.417,1021.042,287.534,228.208,3.583,0,0,0,1,0
5/18/2016,44803,170465,66.583,1020.333,286.985,82.458,2.875,0.01,0,0,1,0
5/19/2016,49184,170680,60.625,1018.958,288.527,116.583,2.208,0,0,0,1,0
5/20/2016,52544,170960,58.417,1022.417,289.338,212.542,2.75,0,0,0,1,0
5/21/2016,30524,171147,67.042,1020.5,288.289,139.417,3,0.04,0,0,0,0
5/22/2016,37804,171349,79.417,1011.083,288.083,99.208,2.833,0.09,0,0,0,0
5/23/2016,48578,171680,75.292,1012.375,290.158,157.875,2.25,0.02,0,0,1,0
5/24/2016,34799,171898,78.167,1012.792,290.741,208.958,2.25,0.18,0,0,1,0
5/25/2016,53441,172154,61.792,1016.667,294.217,203,2.208,0,0,0,1,0
5/26/2016,52134,172386,54.208,1018.25,297.648,228.75,2.792,0,0,0,1,0
5/27/2016,46943,172638,67.708,1016.792,297.196,181.75,3.417,0,0,0,1,0
5/28/2016,34233,172831,67.333,1018.208,298.497,191.917,3.25,0,0,0,0,0
5/29/2016,36881,173090,65.167,1019.792,298.029,192.667,2.917,0.01,0,0,0,0
5/30/2016,32627,173422,82.75,1015.75,295.932,184.042,3.375,1.65,0,0,0,1
5/31/2016,49774,174137,73.833,1014.042,296.86,206.083,2.708,0,0,0,1,0
6/1/2016,54662,174344,64.458,1017.333,295.955,89.833,2.917,0,0,0,1,0
6/2/2016,54401,174516,71.833,1020.417,293.036,65,3.875,0,0,0,1,0
6/3/2016,38975,174633,83.292,1018.042,291.438,139.292,1.792,0.04,0,0,1,0
6/4/2016,40973,174797,76.625,1015.667,294.941,157.5,1.917,0.4,0,0,0,0
6/5/2016,22395,174912,78.792,1009.833,293.205,131.583,2.5,0.91,0,0,0,0
6/6/2016,52130,175118,69.25,1004.208,295.459,225.708,3.5,0,0,0,1,0
6/7/2016,51761,175293,56.958,1001,296.973,246,3.667,0.01,0,0,1,0
6/8/2016,42063,175420,59.167,1002.417,290.068,295.042,4.167,0.45,0,0,1,0
6/9/2016,52885,175557,46,1008.792,289.571,295.5,4.875,0,0,0,1,0
6/10/2016,53235,175697,32.125,1013.75,291.228,314.375,3.792,0,0,0,1,0
6/11/2016,40980,175901,41.625,1013.208,293.454,274,2.875,0,0,0,0,0
6/12/2016,40636,176087,43.042,1003.792,298.722,282.083,4.417,0,0,0,0,0
6/13/2016,49069,176273,50.625,1008.875,291.499,324.458,4.667,0,0,0,1,0
6/14/2016,54813,176467,46.542,1011.417,292.876,320.417,3,0,0,0,1,0
6/15/2016,55049,176711,38.042,1013.625,294.978,292.292,1.375,0,0,0,1,0
6/16/2016,46198,176865,65.667,1008.458,294.219,207.875,1.208,0.22,0,0,1,0
6/17/2016,54236,177053,58.958,1011.167,293.529,196.25,1.417,0,0,0,1,0
6/18/2016,48901,177210,45.542,1021.208,293.77,194.875,1.167,0,0,0,0,0
6/19/2016,45270,177370,53.917,1024.875,295.974,151.042,2.458,0,0,0,0,0
6/20/2016,52247,177660,67.458,1020.917,295.137,160.833,2.792,0,0,0,1,0
6/21/2016,53564,177895,49.083,1009.292,298.508,250.208,2.375,0.01,0,0,1,0
6/22/2016,55749,178168,37.458,1009,297.077,183.75,2.042,0,0,0,1,0
6/23/2016,53206,178354,48.125,1010.833,295.576,216.75,1.667,0,0,0,1,0
6/24/2016,54186,178545,65.958,1014.708,295.936,38.75,3.542,0,0,0,1,0
6/25/2016,43000,178715,69.375,1021.333,295.394,76.625,2.708,0,0,0,0,0
6/26/2016,42992,178893,66.042,1023.042,296.042,178,2.333,0,0,0,0,0
6/27/2016,47023,179061,66.333,1019.167,296.026,175.708,3.667,0.45,0,0,1,0
6/28/2016,49593,179215,86.792,1014.75,295.143,144.75,2.875,0.12,0,0,1,0
6/29/2016,54882,179403,75.333,1012,296.136,249.917,2.583,0.01,0,0,1,0
6/30/2016,54843,179625,68.583,1015.917,296.437,209.625,2.333,0,0,0,1,0
7/1/2016,39665,179756,80.417,1015.208,295.984,180.5,2.875,0.83,0,0,1,0
7/2/2016,35835,179903,64.75,1014.25,294.713,289.333,4,0,0,0,0,0
7/3/2016,35347,180016,58.167,1019.083,294.782,217.708,2.292,0,0,0,0,0
7/4/2016,34859,180158,70.25,1018.333,295.816,212.25,3,0.49,0,0,0,1
7/5/2016,43736,180338,77.958,1010,297.155,205.5,2.792,0.66,0,0,1,0
7/6/2016,51336,180540,66.958,1011.167,300.625,227.167,2,0,0,0,1,0
7/7/2016,48724,180725,79.208,1009.542,300.253,191.167,2.292,0.04,0,0,1,0
7/8/2016,44400,180852,79.417,1008.542,298.514,193.875,2.583,0.08,0,0,1,0
7/9/2016,38138,180990,88.417,1011.083,293.503,109.083,2.917,0.53,0,0,0,0
7/10/2016,41985,181172,76.208,1010.708,295.271,267.75,3.208,0.01,0,0,0,0
7/11/2016,52853,181381,64.708,1017.25,295.329,256.792,2.708,0,0,0,1,0
7/12/2016,56515,181571,69.625,1019.625,295.83,170,3,0,0,0,1,0
7/13/16,55471,181748,73.667,1017.75,297.271,185.167,3.458,0,0,0,1,0
7/14/16,50345,181877,92.625,1020.917,297.308,184.75,2.375,0.62,0,0,1,0
7/15/16,48558,182016,83.375,1020.042,298.373,242.375,2.667,0,0,0,1,0
7/16/16,38405,182144,81.875,1024.125,296.674,206.667,1.042,0.01,0,0,0,0
7/17/16,41346,182314,84.875,1028.083,296.135,262.458,1.375,0,0,0,0,0
7/18/16,43681,182488,68.333,1028.208,297.515,224.458,1.958,0.35,0,0,1,0
7/19/16,54587,182624,66,1025,299.388,260,3,0,0,0,1,0
7/20/16,57213,182792,60.667,1026.083,299.9,262.958,2.75,0,0,0,1,0
7/21/16,54832,182950,59.25,1023.667,298.076,244.708,2.708,0,0,0,1,0
7/22/16,49185,183072,59.708,1014.458,300.563,228.583,4.5,0,0,0,1,0
7/23/16,37522,183177,50.208,1010.25,303.29,272.458,4.458,0,0,0,0,0
7/24/16,39634,183332,56.917,1013.667,300.93,160.708,3.125,0,0,0,0,0
7/25/16,35376,183473,69.458,1013.292,300.2,178.333,3.167,1,0,0,1,0
7/26/16,52904,183595,73.208,1012.083,299.167,250.708,2.75,0,0,0,1,0
7/27/16,54148,183731,59.792,1013.458,300.126,223.792,2.625,0,0,0,1,0
7/28/16,50134,183846,68.792,1012.625,300.184,212.042,2.417,0.01,0,0,1,0
7/29/16,37693,183937,81.792,1011.083,297.903,113.417,3.333,1.09,0,0,1,0
7/30/16,27780,184039,82.167,1014.792,297.596,147.833,1.958,0.25,0,0,0,0
7/31/16,27651,184157,87.375,1016.292,297.071,115.583,2.792,1.08,0,0,0,0
8/1/2016,49395,184325,82.542,1017.458,295.841,57.167,2.75,0.01,0,0,1,0
8/2/2016,56744,184558,78.083,1018.833,295.82,66.75,3.042,0,0,0,1,0
8/3/2016,56992,184766,71.667,1020.958,294.868,70.375,1.958,0,0,0,1,0
8/4/2016,56587,184960,62.375,1020.5,295.545,135.25,1.375,0,0,0,1,0
8/5/2016,53286,185186,62.417,1016.417,296.55,206.208,2.083,0,0,0,1,0
8/6/2016,44209,185436,69.25,1008.333,299,227.042,2.667,0.05,0,0,0,0
8/7/2016,43631,185682,49.625,1009.417,298.949,310.958,2.333,0,0,0,0,0
8/8/2016,52251,185956,47.083,1015.5,298.115,239,1.708,0,0,0,1,0
8/9/2016,56101,186223,58.542,1026.583,298.307,103.5,1.458,0,0,0,1,0
8/10/2016,50100,186401,75.208,1023.583,299.291,192.542,2.667,0.09,0,0,1,0
8/11/2016,47420,186596,70.333,1017.5,301.905,225.125,1.167,0.15,0,0,1,0
8/12/2016,44729,186771,69.792,1012.833,301.181,206.958,1.708,0.32,0,0,1,0
8/13/16,38903,186990,67.25,1011.5,302.862,209.958,2.292,0,0,0,0,0
8/14/16,32961,187173,57.5,1012.5,303.675,232.417,2.5,0.06,0,0,0,0
8/15/16,49056,187394,63.167,1018.5,300.943,303.125,1.375,0,0,0,1,0
8/16/16,50411,187601,71,1020.375,300.868,187.958,1.625,0.11,0,0,1,0
8/17/16,53983,187820,65.208,1015.125,300.147,255.417,3.375,0.01,0,0,1,0
8/18/16,53209,187998,61.833,1015.208,298.621,190.667,0.875,0.03,0,0,1,0
8/19/16,51658,188186,65.917,1013.167,299.225,202.458,1.333,0.01,0,0,1,0
8/20/16,45808,188499,74.833,1013,298.634,87.25,2.083,0.82,0,0,0,0
8/21/16,35041,188725,71.958,1011.542,298.819,141.5,4.208,0.31,0,0,0,0
8/22/16,54201,188996,68.458,1012.417,296.228,291.917,6.667,0,0,0,1,0
8/23/16,58665,189297,44.625,1023.958,293.785,284.208,3.292,0,0,0,1,0
8/24/16,58134,189577,51.167,1024.042,296.296,179.958,3.083,0,0,0,1,0
8/25/16,53480,189856,63.333,1019.5,297.062,192.958,4.875,0.01,0,0,1,0
8/26/16,52026,190156,69.958,1015.375,300.052,249.125,3.875,0,0,0,1,0
8/27/16,45673,190480,53.083,1020,298.821,106.833,3.917,0,0,0,0,0
8/28/16,44639,190844,57.333,1023.458,297.65,137.667,2.875,0,0,0,0,0
8/29/16,53279,191255,58.917,1019.833,299.193,227.542,4,0,0,0,1,0
8/30/16,57392,191713,56.583,1020.125,297.095,99.917,3.917,0,0,0,1,0
8/31/16,57200,192380,68.25,1015.708,298.095,198.208,3.333,0.01,0,0,1,0
9/1/2016,38174,192592,79.5,1012.5,296.314,208.5,2.542,0.5,0,0,1,0
9/2/2016,52999,192814,58.458,1015.917,294.826,214.417,4.417,0,0,0,1,0
9/3/2016,41629,193055,71.917,1021,293.948,53.667,4.333,0,0,0,0,0
9/4/2016,46020,193326,63.333,1022.583,293.634,66.375,4.667,0,0,0,0,0
9/5/2016,45431,193677,52.958,1021.792,294.493,89.917,4.917,0,0,0,0,1
9/6/2016,52432,194065,57.25,1015.083,297.629,185.417,5.583,0.01,0,0,1,0
9/7/2016,60278,194396,71.667,1015.208,297.4,95.833,4.5,0,0,0,1,0
9/8/2016,61551,194674,79.792,1013.125,297.953,123.417,3.083,0,0,0,1,0
9/9/2016,56804,194908,66.125,1011.167,301.584,243.125,2.833,0.22,0,0,1,0
9/10/2016,48454,195189,77.667,1015.25,300.175,124.25,2.958,0.01,0,0,0,0
9/11/2016,52238,195499,66.125,1013.5,299.437,239.917,4.542,0,0,0,0,0
9/12/2016,61083,195832,47.833,1022.333,293.245,149.167,3.833,0,0,0,0,0
9/13/16,64818,196122,61.833,1022.458,293.565,205.708,3.167,0,0,0,0,0
9/14/16,58928,196388,62.917,1018.375,296.856,199.417,3.125,0.56,0,0,0,0
9/15/16,67312,196637,52.625,1022.5,293.155,83.917,4.375,0,0,0,0,0
9/16/16,65257,196886,59.75,1025.583,290.809,122.917,2.958,0,0,0,0,0
9/17/16,59199,197163,67.042,1023.833,291.192,150.417,2.958,0,0,0,0,0
9/18/16,51685,197449,77.375,1018.125,295.907,199.958,4.083,0,0,0,0,0
9/19/16,34205,197620,85.708,1016.458,295.854,100.375,1.667,0.68,0,0,0,0
9/20/16,64881,197880,80.375,1018.458,295.456,165.125,1.583,0,0,0,0,0
9/21/16,65453,198118,75.042,1022.083,294.196,148.958,1.667,0,0,0,0,0
9/22/16,67762,198363,46.792,1020.625,294.653,68.375,1.417,0,0,0,0,0
9/23/16,65499,198577,62.208,1016.333,293.692,222.833,1.292,0.01,0,0,0,0
9/24/16,53258,198827,64.333,1017.417,291.872,94.083,2.875,0.2,0,0,0,0
9/25/16,53563,199198,44.5,1021.083,288.679,207.667,2.417,0,0,0,0,0
9/26/16,61120,199480,49.875,1021.167,288.329,100.25,2.625,0,0,0,0,0
9/27/16,61334,199739,70.25,1013.292,293.306,228.208,3.292,0.22,0,0,0,0
9/28/16,59456,199989,80.083,1017.625,290.085,165.458,3.167,0,0,0,0,0
9/29/16,55550,200201,79.583,1026,288.997,74.25,6.25,0,0,0,0,0
9/30/16,21368,200447,82.667,1025.833,288.119,60.625,6,0.4,0,0,0,0
10/1/2016,39809,200544,89.917,1022.75,287.676,59.208,4.667,0,0,0,0,0
10/2/2016,41018,200664,88.25,1019.042,288.136,58.875,2.25,0,0,0,0,0
10/3/2016,56369,200829,79.667,1015.958,290.92,217.75,1.042,0,0,0,0,0
10/4/2016,60196,200954,75,1023.083,290.695,71.958,2.583,0,0,0,0,0
10/5/2016,65031,201115,78.208,1032.792,288.936,48.583,2.667,0,0,0,0,0
10/6/2016,67580,201234,87.375,1034.708,287.793,228.5,0.875,0,0,0,0,0
10/7/2016,65881,201369,85.083,1034.292,288.81,126.333,1.292,0,0,0,0,0
10/8/2016,34624,201485,90.375,1029.458,290.01,104.083,1.75,0.23,0,0,0,0
10/9/2016,21687,201539,93.75,1026.75,288.776,115.625,3.958,0.55,0,0,0,0
10/10/2016,52248,201664,83.542,1031.208,285.919,118.75,5.875,0,0,0,0,0
10/11/2016,58754,201761,82.875,1039.375,284.964,47.208,2.25,0,0,0,0,0
10/12/2016,57497,201880,88.417,1037.042,286.3,113.167,1.75,0,0,0,0,0
10/13/2016,61209,201984,88.542,1028.625,288.035,220.375,1.792,0.01,0,0,0,0
10/14/2016,60561,202090,83.167,1034.25,286.24,300.875,3.417,0,0,0,0,0
10/15/2016,51991,202215,87.208,1038.708,284.507,99,2.042,0,0,0,0,0
10/16/2016,48866,202343,87.792,1033.208,287.925,213.667,3,0,0,0,0,0
10/17/2016,62649,202502,80.583,1024.75,292.371,233.583,2.417,0,0,0,0,0
10/18/2016,68224,202653,79.083,1022.5,293.56,212.833,2.542,0,0,0,0,0
10/19/2016,69758,202772,69.167,1024.042,295.805,254.458,1.792,0,0,0,0,0
10/20/2016,63668,202893,66.417,1028.292,294.28,101.75,3.208,0,0,0,0,0
10/21/2016,40865,202960,95.333,1017.708,292.768,149.875,2.125,1.11,0,0,0,0
10/22/2016,25301,203019,99.708,1004.875,286.733,278.083,4.042,0.29,0,0,0,0
10/23/2016,41462,203137,88.667,1016.625,283.797,282.708,6.125,0,0,0,0,0
10/24/2016,55254,203269,86.083,1021.875,285.502,279.167,3.917,0.01,0,0,0,0
10/25/2016,52667,203349,86.792,1031.083,282.757,307.417,4.75,0,0,0,0,0
10/26/2016,52466,203410,94.083,1038.208,279.919,324.375,3.125,0,0,0,0,0
10/27/2016,21054,203449,100,1039,280.038,104,3.375,1.41,0,0,0,0
10/28/2016,46233,203492,98.083,1027.75,283.897,269.25,5.25,0,0,0,0,0
10/29/2016,42513,203579,89.417,1029.708,282.421,271.583,3.208,0,0,0,0,0
10/30/2016,37760,203697,81.625,1022.417,290.04,232.5,2.25,0.56,0,0,0,0
10/31/2016,50071,203787,99.625,1029.125,282.017,333.542,3.542,0,0,0,0,0
11/1/2016,55944,203888,84.25,1033.833,281.514,92.917,1.917,0,0,0,0,0
11/2/2016,62133,203993,68.25,1024.292,287.463,242.625,1.792,0,0,0,0,0
11/3/2016,59632,204108,74,1015.792,289.548,268.708,2.25,0,0,0,0,0
11/4/2016,57867,204195,52.792,1018.458,286.594,319.583,3.542,0,0,0,0,0
11/5/2016,48687,204301,52.75,1023.208,282.335,303.458,2.917,0,0,0,0,0
11/6/2016,39413,204428,56.042,1022.042,284.318,289.792,3.792,0,0,0,0,0
11/7/2016,49883,204520,52,1030.333,279.798,198.75,2.167,0,0,0,0,0
11/8/2016,56589,204616,56.792,1023.125,281.913,285.917,1.375,0,0,0,0,0
11/9/2016,38050,204660,72.583,1012.375,283.638,280.75,1.958,0.06,0,0,0,0
11/10/2016,50863,204728,60.75,1014.833,282.032,297.292,3.333,0,0,0,0,0
11/11/2016,45826,204802,53.458,1007.5,284.39,290.833,4.958,0,0,0,0,0
11/12/2016,34664,204865,39.833,1023.792,278.866,306.625,3.417,0,0,0,0,0
11/13/2016,36806,204958,43.083,1021.125,279.972,269.917,2.625,0,0,0,0,0
11/14/2016,48810,205034,34.125,1017.5,281.448,248.167,2.5,0,0,0,0,0
11/15/2016,22884,205073,71.833,1012.417,282.835,154.5,2.417,1.81,0,0,0,0
11/16/2016,53328,205170,65.958,1007.75,282.775,261.333,3.333,0,0,0,0,0
11/17/2016,53889,205231,65.875,1014,284.197,313.125,4,0,0,0,0,0
11/18/2016,53370,205286,73.167,1018.083,282.764,317.333,2.833,0,0,0,0,0
11/19/2016,41208,205376,76.583,1014.458,282.962,108.125,2.167,0.25,0,0,0,0
11/20/2016,20616,205407,74.458,1001.875,278.103,238.333,6.25,0.31,0.01,0,0,0
11/21/2016,32964,205449,46.5,1003.792,276.224,285.417,8.458,0,0,0,0,0
11/22/2016,36723,205479,44.833,1015.208,276.53,312.75,6.875,0,0,0,0,0
11/23/2016,34462,205501,58.5,1024.667,276.414,307.375,3.5,0,0,0,0,0
11/24/2016,12122,205518,59.25,1025.042,278.012,116.333,2,0.03,0,0,0,0
11/25/2016,20980,205545,77.75,1023.333,280.843,278.708,1.625,0.02,0,0,0,0
11/26/2016,23810,205572,75.5,1020,280.718,293.625,2.292,0,0,0,0,0
11/27/2016,24076,205607,76.958,1019.458,278.138,295.167,3.042,0,0,0,0,0
11/28/2016,42086,205667,66.583,1021.458,277.68,265.917,1.833,0,0,0,0,0
11/29/2016,14584,205696,82,1016.875,283.327,170.958,3.5,2.2,0,0,0,0
11/30/2016,24434,205729,92.083,1011.958,285.197,161.125,2.25,0.73,0,0,0,0
12/1/2016,43233,205762,80.167,1003.458,284.071,220.083,5.083,0.07,0,0,0,0
12/2/2016,42358,205794,57.583,1011.917,279.502,277.083,4.583,0,0,0,0,0
12/3/2016,29853,205824,54.208,1016.042,279.908,304.917,5.458,0.01,0,0,0,0
12/4/2016,27454,205857,49.958,1022.333,278.518,271.125,3.125,0,0,0,0,0
12/5/2016,35927,205897,74.167,1017.875,277.632,223.75,2.583,0.19,0,0,0,0
12/6/2016,33325,205939,85.125,1018.917,276.304,187.75,2.25,0.35,0,0,0,0
12/7/2016,38010,205967,85.375,1014.292,277.848,106.542,3.042,0.09,0,0,0,0
12/8/2016,39621,205998,74.667,1015.375,276.513,271.875,2.5,0,0,0,0,0
12/9/2016,33540,206021,58.958,1018.625,274.511,293.5,5.667,0,0,0,0,0
12/10/2016,22379,206033,65.625,1027.625,271.779,291.375,3.333,0,0,0,0,0
12/11/2016,17798,206049,73.958,1032.542,270.907,258.917,2.125,0.03,0.4,0,0,0
12/12/2016,29035,206066,89.583,1016.5,275.489,211.833,2.292,0.5,0,0,0,0
12/13/2016,39023,206090,69.375,1019.042,275.597,259.667,2.583,0,0,0,0,0
12/14/2016,37799,206130,62.5,1016.125,275.85,247.292,2.625,0,0,0,0,0
12/15/2016,25002,206145,46.667,1013.25,270.388,268.917,5.625,0,0.01,0,0,0
12/16/16,24484,206171,48.25,1026.792,266.152,269.167,4.417,0,0,0,0,0
12/17/16,6993,206176,77.25,1021.292,270.652,169.583,2.375,0.73,2.8,2,0,0
12/18/16,16295,206200,90.667,1011.75,278.238,216.375,4.375,0.04,0,1,0,0
12/19/16,25648,206225,49,1036.167,271.16,235.667,4.167,0,0,0,0,0
12/20/16,27677,206250,55.667,1035.625,267.786,120.917,1.75,0,0,0,0,0
12/21/16,30611,206270,62.542,1022,271.876,252.292,2.667,0,0,0,0,0
12/22/16,30874,206293,59.583,1018.458,275.838,237.75,2.458,0,0,0,0,0
12/23/16,26335,206320,56.083,1026.708,277.323,291.875,3.083,0,0,0,0,0
12/24/16,8014,206334,72.875,1024.583,277.192,208.625,2.958,0.47,0,0,0,0
12/25/16,9919,206369,69.583,1028.708,278.877,281.042,2.708,0,0,0,0,0
12/26/16,10774,206400,67.833,1037.833,274.717,63.333,2.958,0.02,0,0,0,0
12/27/16,25946,206450,76.958,1014.458,283.73,246.125,4.792,0,0,0,0,0
12/28/16,23596,206476,56.792,1017.458,277.165,296.833,2.625,0,0,0,0,0
12/29/16,13202,206503,77.5,1012.792,274.463,212.917,2.708,0.39,0,0,0,0
12/30/16,21366,206543,64,1003.417,275.349,277.292,4.833,0.01,0.01,0,0,0
12/31/16,15925,206585,62.958,1017.125,274.342,243.458,3.75,0,0,0,0,0